x1,x2,x3,y
0.3420495226256901,0.5721300391106765,0.5372691227421706,1.388292040086669
0.053710232326625196,-0.1633912369555408,-0.468621716199233,0.4823181931731346
0.09925079330131115,-1.0,0.7855462664791026,-2.18324398646999
-1.0,1.0,-0.14845042131569697,10.777036649344238
1.0,1.0,-0.7152552077996288,26.35848413610629
-0.18091762852138338,-0.5464857998232615,-0.654804789874389,0.22681683386864926
1.0,0.014173010203732517,-0.10708667345685474,4.287320641142362
-0.5939896475980186,-1.0,0.9411552337980256,-0.21647369407857778
-1.0,0.8734035425905089,-0.2430785325545728,5.736486044156419
0.13583352251831493,-1.0,-0.184865264693856,1.9501268499963824
0.013392371156776495,-0.25872277682286837,0.8440441736609392,0.1506295955324808
-0.9621503480553453,0.43734547901370036,0.7122093743460445,-2.9859441775446314
-0.0908196306976723,-0.9010269454750912,0.28632156772402495,2.18889079006438
-1.0,0.8043144839814642,-0.05278149665108289,1.2236586464386578
1.0,0.6918336247701924,-1.0,15.092639119786307
-0.43807980949450886,0.4839080497605268,-0.7092518636816096,-1.80184227844195
1.0,-0.7788657293453332,-0.42137889339176726,1.1051343957193405
0.5022100268267906,-0.9927785986418516,0.6074994261656881,-0.9046910812648379
-1.0,1.0,-0.13552643266331366,9.120634232494833
-0.6090293133426747,-0.49930361588365435,1.0,2.11018322205787
0.09453838812356152,0.5064630016915921,-0.16323970052474945,0.7459345745463495
1.0,0.4337235099454322,1.0,20.806436169273475
-0.011735193696576385,-0.9689542029319371,0.19874105670196185,1.8538431428676552
0.1401388895252702,1.0,0.1524079788016115,7.658060512886281
-0.2588697939227238,-0.04269143329110259,1.0,1.1913086690090104
-1.0,0.6718204800809169,0.7666153626052647,-2.015144558545743
-0.047346410681938345,-0.48991554739922294,0.14257412256853064,0.6215340959075912
-0.07426592502925256,-0.18425011675608527,1.0,-0.8918891931374839
1.0,-0.2838735297670232,-0.5007165252868879,5.39450491428367
1.0,-0.7898185382795011,0.35232476095915843,1.2947266370808546
0.24461866705166413,0.5761857938791608,-0.07020314252456128,0.531470770017767
1.0,-0.11473292126582568,-0.1569907647041935,4.080673176108694
-1.0,0.17809343244984688,-0.4312899955969973,-2.5494855131641705
1.0,-0.5217333596256275,-0.9843323085176632,1.5210224036058522
0.2647518204985071,0.43895894210365904,0.09343847195411148,0.9880625887606183
0.96712115860684,0.3447693194628738,-0.7468927375268328,6.1625654505328145
-0.8530153002913288,-1.0,1.0,9.02710683327224
0.6391985711007375,-0.5804631158477578,-1.0,-6.994301367629413
0.9069903376776511,-0.5964520580584511,0.10768574671681574,1.522329899188753
0.7250243581032214,1.0,-1.0,12.393271071920537
0.4394789355762192,-0.8773899806432623,0.6944107457947428,-0.9161935525435938
-0.4308583351496176,-0.45015853497632996,-0.38019774592206157,1.0232052239839873
-0.11617005849832673,-0.6942998606085999,-0.5236391635288375,0.5529460801792261
0.006108650013044503,0.4372247569074854,0.4905156121102028,0.7879040092737639
-0.0945010189188824,-0.011819601648286993,0.039127534802255504,0.8364217623737371
-1.0,-1.0,-0.49856373193015213,4.375182223152071
0.7077378459950252,-0.14613378536438226,1.0,0.06109897063200334
-1.0,-0.5085216165663526,1.0,9.304953127290087
0.5992765734911254,0.15913333402287466,0.6217231123879114,1.4940577094748069
0.6680428526394788,1.0,-1.0,10.82207562213286
-0.4754720041850218,-0.9042689723870203,-0.10262440104313386,3.537582030238884
0.34590737809204897,0.382084040349395,-0.7327450416570127,0.2787402895306135
-1.0,1.0,1.0,17.024190754466485
-0.054311584559139314,0.055606051648646515,0.19158908928447715,1.0995482111620127
-0.18696409111603418,-0.51744435230648,0.15613638257467355,1.23016373612241
-0.6382198401928469,-0.9157738997607996,-0.6006289379340086,1.4847297718939028
-1.0,-0.5028098194733266,0.1372578457097946,-1.1415349406882547
-0.4295466817696827,-1.0,0.9230130406138384,-1.9793253651600495
1.0,0.5733942461066497,-1.0,12.973689218899237
0.2786015997191569,-0.33266981941853,-0.25723965466383536,2.17963065573215
-0.03022429462635845,0.6418621346421456,-0.41432064815697967,0.4382324890103547
1.0,-0.023550284874068295,-0.9336168463064942,7.737943526625424
0.7481444401846811,-1.0,-0.3187614160456207,-3.9174791678256184
0.6038862214384675,0.2987746177048203,-0.35825823173934657,1.4203144573755853
0.5548872677350547,-0.0603617967382406,-0.11984135755242131,1.7928330576646432
-0.04320972893036745,1.0,1.0,12.734311862081897
-0.9201515937823928,-0.7304003611736101,-0.2768413645484433,1.959412494029047
-0.47959132858611664,0.9407510671838188,-0.6159203499722345,2.6898551117344085
0.721735194480017,-0.6045529343901037,-1.0,-8.747210555724509
-0.39052702552560703,-0.9026621295586958,-0.9441803708412106,-7.311605937139065
1.0,-1.0,1.0,-9.791536257529634
0.1396986229812338,-0.28625983169250846,-0.34336270776657885,1.0857267914720223
0.5572913018036827,0.5538105808011211,-0.49297404687265867,1.0367841425999416
-1.0,-0.05766520243179629,0.4864039726060674,-3.255502307899571
-0.18025549520205075,1.0,-0.35733032199481585,8.264090544969427
-1.0,-1.0,0.02960833067043911,7.956496426713239
-0.7758487074647888,1.0,0.3693274776283537,3.2700683185787978
0.28611821057795517,-0.366132516710711,0.07965460452599005,1.3027332993768526
-1.0,0.8842036874920671,0.21771604605906014,0.42181260274346044
1.0,-0.6198725664407958,-1.0,-0.8790656463025334
-0.7507223295710264,-0.009327370434094595,-0.4395551633334194,-0.33771117571829457
-1.0,0.8491795914459948,0.2949342497305085,-0.7409142330336453
1.0,-0.12588827414003756,-0.47851908517532094,4.557933286561474
-0.425450717996114,-1.0,0.10457378835666131,4.386564509462199
0.7424286340537423,0.38328966039956147,0.4265168829142316,1.77929944167359
0.1263377594865942,0.1326645480955817,-0.8175986669700335,0.8601775191879701
-0.29152235601847476,-0.3545504368839316,0.28928513561275526,0.5343737004725169
1.0,-0.6079573654106099,-0.9730898902398446,0.9628657491978444
-0.4002130308566725,0.5142630113713125,-1.0,-3.8284338318212687
-0.03565102354225114,-1.0,-0.22644626664085576,1.8118965915641478
1.0,-0.5013271217156781,-0.21376949924284694,4.071650267750312
-0.4614666925115074,-0.7846943893204934,-0.08647812696633173,2.003212777625335
1.0,-1.0,1.0,-8.808479965409685
-1.0,0.6208333422953272,0.9769193270617478,5.603815905915881
-0.367842516606421,0.4085672236000091,-1.0,-2.706818695881762
-1.0,-0.7278289623158725,-0.23271780566653577,1.206037471505748
0.06385823804321178,-0.04669523474792414,-1.0,-3.7997272072411032
-1.0,-1.0,-0.16870842670276476,6.399718824122622
-0.8782372207498561,1.0,-0.1066459761602363,5.60744892825381
0.06021163949916697,1.0,0.6106075960882165,8.473199118207027
-1.0,0.5621935730787524,0.5315219294556188,-4.679581058697008
-1.0,-1.0,-0.4471842281660494,6.20994149127571
-0.15462611007589455,0.11937493066142557,0.5783339197546142,0.017074233652477948
1.0,-0.5705947190199332,-0.4967962310151548,4.710572037467063
0.7973238208160025,-0.3110540369903205,1.0,1.1603850512327858
-0.15356200199286607,-0.4320315025679651,-0.11983159149786804,0.6310375392409525
1.0,-0.3993264186889327,-0.24424499763663898,3.7250213055190313
-1.0,-0.08827877583415744,1.0,3.641983465928443
-1.0,-0.49777080643815697,0.3062070161493169,-0.36550486581961644
0.35191082975182253,-0.13876984687857563,1.0,-1.196656108004792
-0.7487479897724683,-0.017435195643114687,-1.0,2.638373023213904
-0.6049077349102736,0.3711263562252649,-0.357996728138412,-1.1782681583087042
-1.0,1.0,-0.6320390104228191,13.798754563537512
0.9180728547253052,-0.39846437666653034,-1.0,-0.06200754484656468
0.2998810822430735,0.4520301868150636,0.524670275107181,1.6230253461652149
-1.0,-0.519051610058854,-1.0,5.790697352311833
-0.29506904303538684,-0.994055070166417,-1.0,-14.469839898951466
0.6964761008384337,0.040367923082742285,-0.2727065368300734,0.9299926774342654
1.0,0.4536823855341161,-1.0,12.075485932480163
-1.0,0.0671080091912335,-0.05069064290227243,-4.1671341781731925
1.0,-0.1564154869437424,0.6889778589651403,6.6312223963245405
-0.46053315887796975,-0.4184111259777279,1.0,0.6548703970492561
-0.2528920376372574,-0.16670345130995035,1.0,0.8402002754211872
0.3046755193886419,-0.6323463540560768,-0.10487944725718057,1.9768941131330813
-0.12622319556083061,0.3303974184304439,-1.0,-3.2470394714067576
-0.6182794199197734,-0.4709635659447955,-0.5548617868042685,1.2771803027271817
0.49470289808330437,0.08762010489978689,0.2068329040267789,1.7652898726610495
-1.0,1.0,0.5812971791153734,1.6238529431319022
-0.022518957100465142,1.0,-0.20027679535710163,7.712884470899787
-0.5729624232037616,-0.022415786912097113,1.0,1.5667807246573524
0.769674347923563,0.12161020908573583,0.7133521595914045,3.489066357895137
1.0,0.7867595369925058,0.5822671124693677,12.610813498757242
-1.0,-0.8096363480426696,0.6472875307967543,7.846619519793187
0.985225909777441,1.0,-0.34498022055514044,17.01143699247128
1.0,-0.3630048917830351,0.42473412984613534,5.395255794025887
-0.32165643035514324,-0.9984361698735507,0.00015685947092980435,3.3245659719892986
-1.0,-0.05937954641892529,0.9886917673742159,3.2111203097273004
0.19315268162326737,-1.0,0.4630699185211149,0.4687446051378325
-0.6235363611734075,1.0,0.23089236301919303,4.485266132764317
-0.4641214705606229,-1.0,0.18466891923958717,3.768108425726022
0.42256374287089704,1.0,1.0,10.348382873984614
1.0,-0.508927374027009,0.5582637953388514,4.490439860928103
-0.2950659986317261,-1.0,0.8975684188446977,-2.71357856452493
-1.0,-0.8052504654960606,0.9675526751004171,15.182524563431782
-0.6160900925030781,-0.18831893479862227,0.015114187948888302,-0.2772162605764443
0.8139129113939831,1.0,0.5958580938595608,9.048345154576143
1.0,-1.0,1.0,-9.370271688904417
-0.6573240100291857,-0.4708131603096388,1.0,2.6092625211950367
-0.08440958937271548,-0.13155316240468817,0.5479114070601456,-0.36482017978839243
-0.7919533559080985,-0.7231900803718034,0.006079332028841922,2.7795706516538923
0.47368732816375725,-1.0,-0.9787708187807858,-20.57844697258386
0.10686215818097877,1.0,-1.0,4.349815975860135
-0.2899983526888854,-0.000330680808787287,0.09325637303032397,0.01398233021230686
-0.20675072052465704,-0.1469290578603737,0.14772882052418534,0.04739950301747459
-0.7442894805790821,0.5516361587723033,0.12390472651271556,-2.1130033257617025
-0.3594198634637773,0.03548540912692544,-1.0,-2.2379427563298266
0.3010878408840394,-0.3180003871828645,0.23564959415718723,0.7775666762408132
0.8095555210406773,1.0,0.00683004795900044,9.792100856185499
0.7000923178804646,-0.7737436054283748,0.03747157132773671,0.6221022801643286
0.9016342179743928,-0.9664414264258963,-0.31929058146447886,-4.497970745185269
-1.0,-0.8804527761377443,0.24689489567897493,6.295388543209252
0.2212108757202229,-1.0,-0.8498415470728846,-10.408773371367372
-0.154082302160226,0.7018484589657035,0.981808762236595,5.745959453874954
0.6451350388057788,-0.0844754898299549,-0.08237454012163425,1.1402573224795616
0.5634910510916644,-0.6924747786317063,-0.5779536961088825,0.02595501309766962
-0.5490593840474829,1.0,-0.14435831917441022,5.160687083903016
-0.37005913426382997,-0.9935078896235094,-1.0,-13.512161956625757
1.0,0.9414525085093355,0.10430459265222969,11.761767644093513
-1.0,-1.0,0.2116047181739138,9.28471701858299
-0.3685711766972135,-0.41757936632706305,-0.917451826577028,-1.3521792331107934
1.0,0.3013171877136651,-0.7581876900154436,7.412471676858549
-0.1203458857033155,-0.9814050018781681,-0.7753928294881072,-5.519402645942263
-0.24576080888588425,-0.6014327460244828,1.0,-1.1226475597886696
1.0,-0.14230333398049466,1.0,9.85551831609523
-0.8995309495850976,0.3023770092226097,1.0,3.398605917155374
-0.6268931541110401,-0.007929580244738554,0.8454252519003922,0.655496402203618
-1.0,0.3715785599979595,0.5761537369294272,-5.541563248844006
-0.37359878654213463,-0.519698761562261,1.0,0.5171235507862677
1.0,-0.2873970853823291,1.0,7.414305629485401
1.0,1.0,-0.8522906962236856,32.389026008660146
1.0,0.051030965725958666,0.05309995753109931,5.4101396932136865
0.15272861805069682,0.38329181868431816,0.772258119411753,0.8382919480996854
1.0,-0.8939375338213222,0.07539001471622697,-1.6679372116392892
0.2626476328833254,0.13545203545534346,-1.0,-3.7198583280705906
0.11112648444515139,-0.01823832087634991,1.0,0.3075320010399104
0.11173170905463103,0.10017425474332509,-0.801125452953628,0.2797946819306958
1.0,1.0,-0.4811423135362203,19.38123164707955
-0.19844462052470946,-0.36370119352033736,0.9761394689000302,-1.018759321319024
-1.0,-0.4208451484674036,-0.5759839597932694,-0.5793403149335531
-0.004662238222559623,-1.0,0.32367216001711885,1.857329319791124
0.7080224800491688,-0.4947315011768816,-1.0,-6.004060633637653
0.13272398560055,-0.9571825863726464,-0.2731239090899549,1.3339581172653139
1.0,-0.5602402471283463,1.0,3.5917254616272385
-1.0,0.6423581685443116,-0.732888245309216,6.308213844084427
-0.25493879499055305,0.8947331399546654,0.2907575128273099,2.691049331274678
0.48329013811628085,-0.5352856336731089,-0.6562475717573732,0.6805393904398143
0.17236178445598083,1.0,-1.0,4.8827977160310905
-0.1446776600542925,-0.728812602064959,0.9460987146391069,-1.1543377380411985
0.9779320848856985,0.24708158205655106,-0.5824947795634368,5.303777501870045
-0.6769039028408701,-0.3638070491371903,-0.16664724737952996,0.7962547798307746
0.19906227080786998,0.6644099573275473,0.194972872142817,1.010370410797073
1.0,-0.7653739660347378,0.33523665942793723,2.2516196151504246
-1.0,-1.0,1.0,22.06117928199512
-1.0,0.27211438869270865,0.300369017256243,-5.122170746553431
-1.0,0.4343071986276703,-0.9101059423982572,10.906899461406653
-1.0,-0.3431302593747376,0.0025338312450500222,-2.4745103267635837
0.10092161378303088,0.4475779626646772,-1.0,-4.658357194750461
1.0,-0.9553876508866277,-1.0,-22.273172449985342
0.6012332657333379,0.42344429341921574,-1.0,-2.337293642043645
1.0,1.0,-0.8492899960851779,31.677136991336837
0.4401883088540137,0.3542422857042342,-1.0,-2.737457016799895
-1.0,1.0,-0.4139439885212617,12.218458376392034
1.0,1.0,1.0,25.957078040252377
-0.9478217049686777,-0.03174517981675473,0.12764969765936707,-2.8726004517744523
0.10096513823479358,0.964930724494617,0.08447252148350692,6.644029281781265
-0.019110099835124128,1.0,1.0,13.164206216956165
-0.2736749301568375,-1.0,0.1804683700933074,2.832637107696458
-1.0,-1.0,-0.04539514284297952,7.313805695410361
-1.0,-0.5808475303756873,-1.0,4.9049115440453726
0.6444004250297553,-0.4239155987636025,0.5337845242763248,1.7174272257036425
1.0,-0.360130479270351,1.0,6.66790534976044
0.3525406427740305,-0.5021476178945139,1.0,-2.451556961552918
-0.8674188737311226,0.334136085135909,0.5065067916682018,-3.002073649074166
0.9045428189771687,-0.3706627464680252,1.0,2.8594927752594352
0.33370568554007285,-0.3538883062265348,0.20772771643345123,0.3735868766932462
-0.45038984294599715,-0.010978630214850016,0.6972598981739524,0.16189069313670104
-1.0,1.0,-0.4799381735402508,12.104070165823721
-0.34553442818145497,1.0,-0.12720048198363965,7.088496910662968
-0.34243054496969516,-0.13001345809250053,-0.12720673297077356,0.11616497838484155
0.32328613967819964,-0.40088236002912647,0.8788102222832392,-1.5953122959440167
0.0018947953015422403,-1.0,-0.27251027416104634,2.2540718398220325
1.0,0.22264703420900034,-1.0,9.915717507341165
-0.16819630374943917,1.0,0.9207427915901556,11.893960816158934
-0.45111643859264894,-0.22214922862411646,1.0,0.26718706293266636
-1.0,-0.7171066186046284,-0.6234516565094763,1.5990970529692585
-1.0,-0.8005368249050102,0.35189084331271214,5.39396784427687
-0.6991718938065061,-1.0,-1.0,-7.405815079581949
0.4273904054687423,-1.0,0.07331902354137587,-0.18385779955709558
-0.12152207514982138,-0.8545916277151817,-0.31072279888065935,2.132200859020579
-0.34501107245635754,0.09008632781920545,0.6285883866062951,-0.6266801760661211
0.8365880710956857,-1.0,0.21317649641044434,-4.868403777049672
0.24701544615518034,0.28189546922187314,-0.4144198253183182,0.9149101536967825
0.84341138626152,-1.0,1.0,-7.814186350297457
0.5335857254225524,-0.5712247200992115,-0.1740276054317924,1.0773159238459964
0.038777455810192096,0.03472116409596726,1.0,0.3442409798989557
-0.2993291692773148,-0.44334749906980897,-1.0,-4.134876068119164
0.20523441883226257,-1.0,-0.577469940803446,-2.406203412279859
0.186672841551222,-1.0,1.0,-7.575015244920526
-0.0020127553017483812,1.0,-0.33622931174797666,9.223280949277889
-0.7711950545638153,0.9062118146387192,-0.603916716136631,0.3500648074804201
0.32095077804632544,-1.0,-1.0,-20.399068754775673
0.3514445293433428,-0.7338579427720571,0.418893278329453,0.17586049988216768
0.24046738887793784,-1.0,-0.05646805576015779,1.6192298466973465
0.9426041805452572,0.8162434630249396,1.0,21.899300882584495
0.3255825256915017,0.13204110948606673,0.29047232810719814,2.07744999785706
-1.0,1.0,-1.0,21.61379623687118
0.7121933042729651,-1.0,-0.5414968907592372,-5.907965970458223
-0.581200063729578,-1.0,1.0,-0.9275829085714403
0.5135920493803114,0.7813838791117942,1.0,8.197520374949326
-1.0,-0.7965829731829748,1.0,15.652381546504689
-0.3961245344170776,-0.8192662721302577,0.6470423738449327,0.30103344646931995
0.7511513845949094,0.24184375796387925,-0.08151479523707161,1.4355071790076104
-0.4912204968985603,-0.737047138840065,1.0,0.5233344679567351
-0.768667396666965,1.0,-0.8845326749616031,2.9123422554143867
-0.8404055237950749,-0.7844632656797377,0.9239782087712918,6.865457476062492
-0.3352924650798699,-1.0,0.6113186703475659,1.2616296173422468
-0.7563185361803202,-0.15948706833141957,0.02089120080411111,-0.07161209952477354
1.0,0.3888911177006431,0.09925010038214133,6.03088875919124
-0.7166446405265328,-1.0,-1.0,-6.876378115338216
0.616580581394659,1.0,0.2531940891297024,6.413284159822934
0.707371838213054,1.0,1.0,12.081925179776473
-1.0,-0.14375806455795037,0.6532013568223318,-2.536841064679569
-0.5405015300771165,-0.2934549412267484,1.0,-0.5198446292124606
0.31166187616853613,0.28163009996437594,-0.07143938450523013,1.4928913010933844
0.5337888323505919,-0.0174244886287771,0.41541709904521884,1.3709132335865044
-0.16599447664325684,1.0,-0.31946848038871245,8.849787008738682
0.010441686135702177,-0.6896756993102668,0.5378642100733466,-0.046861833837377076
1.0,0.3042795155320177,-0.2090764559110223,5.240072398717042
0.5904945875296901,1.0,-0.6747038861607366,11.436675783660252
-0.6901261619829966,-0.6532947342527153,0.9134318918852611,2.91724455868448
0.9397190446640946,-0.21616588678695758,1.0,6.125108733402683
0.2706897587688064,0.45903799621018093,0.302428518591322,0.8028688888743621
0.9077489246543196,0.12425548967337052,-1.0,4.0973296781215085
0.3559769720764141,-0.3789222198332203,0.922898213562285,-2.0611651896051404
-0.2261664055451853,1.0,-0.5509639648003815,8.132972573778368
-0.23996800652493788,-0.6394076932060158,0.3220613305773239,1.2859696428724323
0.3722556869231666,0.21466873414501642,0.22124111102810495,0.9481905295960118
0.6522206206980079,-0.5836763354383849,0.9835567787830355,-2.6552402978630396
-1.0,-0.06924660157115325,1.0,3.465233943894029
-0.03728554363356218,0.5808864052547129,0.48056148235896323,0.5011670085379726
1.0,0.5546318680908073,0.24884840682404397,7.694815829456848
0.2637253983183796,0.0820551552426323,1.0,0.6007095102557612
-0.37386457742795587,-1.0,-1.0,-13.94246291037062
0.08031393175403734,-0.3799005508061144,0.19590906819935827,0.8828195746404405
0.4486698772856843,0.4792603478684996,1.0,4.056477236949111
-1.0,-0.8117012964202648,-0.3226880745314715,2.3771446150566207
0.7323615866741682,0.24968338387324995,-0.7372404887065349,1.8306994116663473
-0.1259925754516109,0.24898691097289438,-1.0,-3.6773133798033055
-0.05392518133896185,-0.6752989681036761,0.2927938641480168,0.17123604487867738
-0.2734591961573827,-0.0985146713788394,0.24134603028096224,-0.3483280591363052
1.0,-1.0,-1.0,-29.81698953214146
0.32211768674660246,0.4934634703714822,-1.0,-3.2660025833902377
-0.05253563192989974,-0.43353815670871576,-0.3419907979181014,1.1772192588621175
1.0,-1.0,0.058567284149147136,-8.053673262965761
0.28895441536733757,-1.0,1.0,-8.442507965069481
0.15914912579712692,0.24081335561645334,-0.21555257185422594,0.9934064721395712
-0.13772029288931575,-0.1298450785430152,-0.42575160649675925,-0.1609651477292623
-1.0,1.0,0.9059319704724458,8.410421921586291
-0.8810227851735519,0.5154381606375376,0.049258313305351686,-3.4448220293310103
0.54158944100603,-0.9453531566162436,-0.3577020906955606,0.3528704196760547
0.30116943832796395,-0.40811622677375325,-0.3005322197797178,1.8306086151499188
1.0,0.2750622252006967,-0.6699526974530248,5.741194435543544
-0.04117168152053985,-0.4642156035089786,-0.8436680185474277,-1.0288335724319764
-0.28033904839047996,1.0,-0.8294072080154811,4.04795973353167
1.0,-0.19012661997945202,0.6863627779537966,6.416737368771134
0.490109785675648,-0.050188751445323865,0.22016734284575468,1.432343094977302
0.17576796729856126,0.3294465921758276,-0.052986057451296587,0.9254825582064609
0.8040491618355383,1.0,-0.05710126918666858,9.442178998814573
0.084022907233122,0.529324823553079,-1.0,-3.5965613560624465
0.1916518891572514,-0.6446249598852198,0.2957013929306085,0.20355086781695686
-1.0,-0.5172490431334971,0.8301582349178476,4.940267773998737
-0.8407317487918715,-0.6085907878872698,0.3124872911709826,2.145996509431323
-1.0,0.4487103027732602,-0.6354232826713382,2.5567555911646913
0.4080022675946926,-0.5350263404798308,1.0,-3.7318466099096783
0.31245490286802835,-0.6269791643274658,-0.34856475129938436,1.4678870364074537
-0.7154533771076792,-0.27182177900437243,0.48983987631794346,0.018178593658427306
-1.0,1.0,-1.0,21.521870017451498
0.024786303864499093,-0.5138638416202099,-0.8207596238260979,-1.689464458285367
0.7419564565799837,1.0,1.0,12.686506595034508
-0.9000968769215194,-1.0,1.0,12.5932235200609
0.6911235327501499,1.0,0.019936524387019094,8.810794793490198
-0.32742034112393603,-0.46661877786804173,0.19694957038708294,0.823513239545167
0.9254573333617133,1.0,0.2629669851213823,11.062457828645169
-0.13545408487453248,0.5946363497512857,-0.11126635323808198,-0.14529525797695178
0.7466020438898378,-0.46494519890133335,0.02250923652201453,1.4959137343279931
-1.0,0.7178047258975162,-0.22606102763621072,1.2189785557686508
0.04031959267198171,1.0,-0.25249948336270744,9.227475602188447
-0.3943751763018837,1.0,-0.6468692245868701,6.814794800901447
-0.3449390023291039,0.9341376926379759,-0.4115597308987058,3.7542205454541793
0.44080767711924174,0.4393394323278681,-0.8805572282120822,-1.0804855089664598
0.33771504744322,-0.32422636758542156,0.4903348070346687,0.6463485315790864
0.1124061034516406,0.29352277010171557,-1.0,-3.2696001451069825
0.5817942046749403,-0.1771777643041379,0.6235312218614164,1.3851836380447984
0.6053874444438121,-1.0,-0.7153614085045621,-8.888526610565199
-1.0,0.33934146533033904,0.46318380304050333,-4.996079970221103
1.0,-0.2801360208256505,0.38530769433193734,4.802891703112143
-0.8974511571873969,-0.240791913000046,0.36899122359493153,-0.7954194833076857
-0.34493116832323745,0.374403187697937,1.0,3.0373660253429464
0.7680115988973406,1.0,-0.9829520089769075,14.573269938727941
-0.5086108000884708,0.4244587766027903,-0.19739609456795004,-1.4948424600868513
0.8676229012636427,-1.0,-0.018175423028111926,-4.3314832493272775
-0.9233602242563068,-1.0,-0.005887470345475654,7.213928152083308
0.8760258767804427,-0.14391135655360476,-1.0,0.7706545495930747
0.8026641613185184,-0.936442853285967,0.4236034178829542,-1.3913581338066856
0.01044086836737046,1.0,0.1054619403779593,7.564892215128839
-0.05258358050360368,-1.0,0.6119767347425404,0.16570079297129997
0.11130969500594268,-1.0,1.0,-7.878221261335963
-0.9367208052503904,0.2061133532457693,0.5389794861286585,-4.696349350263146
1.0,0.7052311400008391,0.5522758198222626,11.010259217149372
0.029734345506458926,1.0,0.4919448190474658,8.161190912414442
0.5223449434260361,-0.29873239947667907,0.36656088687113497,1.4394195387998503
0.42530309622139106,-0.0844545159794996,-0.6021302466912346,1.7993656901015296
-1.0,0.6518346225889282,-0.37747910180459954,1.2422656594556036
0.089881317433955,0.15562224692405646,-0.22148987497121442,1.796091017118443
-0.35672152680998104,-0.4587762119054619,0.532619530049032,0.875460767398618
-0.15012652747603483,0.4135878673983975,0.9431046997449382,2.287477298102026
-1.0,-1.0,0.2869904836667563,9.83301572712256
0.42403473848491924,1.0,1.0,9.57155832380544
-1.0,0.19941206705290893,-0.4259475609570529,-2.9019065798779846
-0.1637653933683294,0.489130026442941,-1.0,-4.22122107874594
-0.5449359971685868,-0.30565916713787167,-1.0,-1.1136613088521101
-1.0,-0.874726704051445,0.561832027840121,9.295470703534146
-1.0,0.21274437704215132,-0.3629019477988067,-2.2077305659380517
-0.4216184335653401,-0.841755840092725,-0.12286666506224608,2.570462537737078
1.0,0.7784566819473588,-0.9955791470647113,19.04390986853543
-0.4734143203603982,0.18321641829058932,-1.0,-0.9500817275767488
0.30494319308695705,-1.0,-0.004212396697763854,1.4923669504858597
1.0,-0.7318438869414514,0.14820159403646405,1.7472853220023439
1.0,0.7469777094870154,-1.0,17.578042317207323
-0.20532102553035947,-0.22699070518321585,1.0,0.5119292062272423
-0.1546553910286388,-0.5283855077922248,-0.1082642761267989,1.173543871012675
-0.2545982738796002,-0.6374492156803409,-1.0,-6.073760261801342
-1.0,-0.6442834489555618,0.524946976027143,3.0973884404240617
1.0,0.2427108293140514,1.0,17.079755558387443
1.0,-0.4818054852353508,-0.290870746413298,3.5238666068497073
-1.0,-0.30794366751561597,-0.9179931733931257,4.7244105493629425
-0.19216358920593057,-1.0,0.04006785378123978,2.7548667129095614
-0.733636160169904,0.5241377188897107,0.4962175830336859,-2.2684911721801773
-1.0,0.4117181674515602,-0.3389704683396111,-1.0547707695606257
1.0,1.0,-0.14782008688721815,15.828637535210277
0.5175734796241327,0.45612879481570845,-0.1750234395558694,1.4079611251935746
-0.1499234034488901,0.9380143366504337,-0.43764706414780274,5.277157656976682
-0.1431070692021139,0.21600548637167916,1.0,2.092289372488548
0.8085232905391024,-1.0,-1.0,-28.01398561944765
-0.21977787178207087,-0.898884271390799,0.7764049427269957,-0.712339368652924
0.9933735243570703,-0.607041354941237,0.09883275578525907,3.0075779030226975
0.1452564346266425,1.0,-0.10575330861656718,7.636466919522487
-0.24818541172505992,-0.5818857521989929,1.0,-0.22633726103600615
0.05327339138097997,0.7151770781036142,0.11483164642998189,1.5437519139123301
1.0,-0.9510138480526675,0.8446316836753949,-3.230520477193774
0.6219096986701587,-0.31867001508444304,1.0,-2.7903797239024235
-0.04265338356225645,-0.6246750003255197,0.10517406748534586,2.2662088090265216
-1.0,0.14839259855638387,-0.33351526356460437,-3.203680155155047
-0.3342455690722006,0.06770954448542721,-0.7108701197179639,-0.037745119141890014
0.42795519821381256,0.5544996088461274,0.6831273177330937,1.1526264507691244
-1.0,-1.0,0.642752078673442,13.807164408268012
0.47369157967749786,-0.8341449016252831,-0.4134013103789844,1.0601012585612775
0.05191078666905313,-0.4110073767591671,-0.07948779522017757,0.44064460909358116
-0.6977097925185349,0.048982139844445216,-0.12498330564985682,-0.8219030591460859
-0.3183711031862455,-0.16239816750767844,0.44480244955542214,-0.5478702795369307
0.09401835431871564,0.2336509041977488,-0.13622595273714788,0.8228684946211509
-1.0,0.029953849184687353,1.0,2.5333911986703903
0.021021699037172326,-1.0,0.7280451117113975,-0.6316702996449012
0.5111662793856362,-1.0,0.8009421816530204,-3.427122426708557
-0.8021180764726032,0.6265142590766577,-0.9896550141309506,3.3358074520443544
0.461660625053814,0.28632565137649757,0.5608112437670789,1.3586104072136842
1.0,1.0,0.1169649741897385,13.65844410927701
0.48182398160604256,0.3525638448768227,-1.0,-2.445277127385345
-1.0,0.44093560295670975,0.15840450295868092,-4.120130261191805
-0.9279925487539378,1.0,0.45191189789091,0.7449541060183974
1.0,0.21548867802603122,0.519391131667541,7.932907758892309
0.05675221891664117,-0.04864744597842696,0.5161746956345314,0.038982162644213225
0.3772368526828198,-0.19658164788153565,-0.21292494884432056,1.0556732915570368
0.7357104221666919,-1.0,-0.47836804069133443,-5.347544193175136
-1.0,0.8601974882706018,1.0,12.916549524247563
1.0,-1.0,-0.40957539932560905,-10.037226322766632
0.23792549184345724,0.34277692928388004,0.33096811169011153,1.61161060490819
0.13296603412363606,0.6023708758974866,0.017867790618987245,0.504658453977562
0.21692893511474431,-0.42101711589917135,-0.43173169252040444,1.2469925950601053
1.0,0.8475784477936108,0.225644809942531,9.981853725694794
1.0,0.9607113221469625,-0.4005802045592144,15.192582499126976
-0.05717070996526563,0.12448881694647862,-0.10033140630805382,0.7102471347792318
1.0,0.5041771786395406,-1.0,11.961977189401264
0.004058534735630115,-0.057341556519393766,-0.9822593224939751,-2.3671320840680763
0.23088040327425485,-0.29872365279147184,0.9204726239967969,-0.8139387096366857
-0.7103997870977226,-0.5363958359009358,0.7865356674637991,2.2145073376399083
-0.49960698561306893,-1.0,-0.46282380037293125,2.0731363890835346
-1.0,-1.0,-1.0,2.656453392251593
0.5556949942978016,0.7781056574922023,-1.0,-1.0583135227333138
0.846397868947752,-0.32212565784196134,0.4296591820204414,2.0936504779180205
1.0,0.759658105544897,1.0,25.762336289899732
-0.09619055144772326,0.4372138593136379,-1.0,-3.5256224775448866
0.39272033760338787,0.2955362209889474,0.1230216983752841,1.517409005107031
0.42451565220065635,-0.14130160358295552,0.8077266604256703,-0.6601941864670786
-1.0,0.1844619468318085,0.15965062773855854,-4.307083919676393
-0.5588894368094077,0.4878471956015198,-0.8204263257900497,-1.3826080099061122
0.8105001711851612,-1.0,-0.8348632094774273,-16.103024566312055
1.0,-0.37823545082791044,0.1799742757178593,3.753345334551383
0.4457165449260505,-0.49656788068425617,-0.034317745720896076,1.4097160691016388
0.7021297047102866,-0.9737790085614908,-0.27658887187032954,-2.439685140890326
-1.0,-0.48094710150690445,-1.0,5.322900693634692
-1.0,-0.6317195087370664,1.0,11.72182945473739
1.0,-0.10711532587254857,0.8153847594794501,8.250075466613191
0.39075325957637097,-1.0,-0.05576783381751049,0.6191972360308646
1.0,-0.3702296328938677,-0.6655628639995472,5.298299625927973
-1.0,1.0,1.0,18.32101304953396
0.6180630393956377,-0.6002438325531494,0.6452192448598095,0.7786790668059957
1.0,1.0,-0.8807836279635697,33.52172244475328
0.23340937103756443,-0.9198468729080054,-0.15979480034966587,1.6993841340766815
0.14492705525508587,1.0,-0.6999427935530882,9.261950017796906
-1.0,0.5218784758720605,0.10232419938045756,-3.9512395599191077
0.4367852691379779,-0.35124397427925946,-0.1950601879968643,1.5865295677251354
-0.8046939613951531,-0.7996890185319319,-0.4796674341613518,4.090706931810416
0.20006002110556698,0.7237573976036129,0.9132102174809742,3.876677975521044
1.0,-0.6593953750137587,0.7785838279449417,4.4652011435545305
-0.9400379904535532,0.6150203071529243,0.4005231507056015,-3.9362096199703407
-0.05277085290364547,-0.49770855885521814,-0.725546418385673,-0.01661373946607675
-1.0,1.0,0.9869198122535465,16.343476434385114
-0.4189268912802928,-1.0,0.47929163099239647,2.1603929752685596
-1.0,-0.7404776656127579,1.0,15.197725886035053
1.0,-0.0995573540158683,-0.5426119620229128,4.774041282708449
1.0,-0.8700426446263361,-0.8325662579899844,-4.778064920506597
-1.0,-1.0,-1.0,3.393724050896632
-0.4603275746435669,0.8054714058780967,1.0,9.826048875921215
0.46704134874536485,-0.47785904672602864,0.03812435176716367,1.6424844018645797
-1.0,0.9597456366598676,0.48132078956814195,0.71041113326417
-1.0,-0.18339595167711376,0.06811429156582682,-3.7905615470141285
-0.18577834382462077,0.22103558567911197,-0.6923814196003308,0.4020922712811783
0.7551904149524789,-1.0,0.9977199069234186,-7.064298568857174
0.11477908831291161,0.4831334900448838,0.3015409791805197,0.6026250294258526
-0.13370788622559804,-0.4967379495994,0.8942984495346491,-0.5365345638055289
0.1074739482754834,-0.19232469140485509,0.2514577735906893,0.48698538082328097
-0.013323738727436085,0.10759052797805158,0.24554347724267944,0.5579493539089015
-0.18405283779175696,-0.5768612582666579,0.5765747271424335,0.04890538801704569
0.08606208820478622,0.9305698178144195,0.06630804026644732,4.931708181746527
-0.7164750919755152,0.16569112243627093,0.3820530674550153,-2.2064464891784126
-0.00790025180028775,1.0,0.16103910662529808,7.570912439839398
-1.0,-0.566858712398232,-0.8329732183412297,1.1102141533793741
-0.02508553327385088,-0.16860703424266,0.27451449235131964,0.1037250385302253
-0.74707218300645,-0.3052990095656358,1.0,3.410375285190577
-0.46172183643909026,0.4634651810677599,0.48828363981840583,-0.33790723984604465
-0.08478157366712735,-0.21892894889107972,0.16414019537523816,1.046563867883224
0.46489106715302153,-1.0,0.8547419618897325,-2.6009533376157923
0.6241392839847695,1.0,0.2878506594222139,7.257215481213834
0.018859502612502688,0.7281874683127563,-0.10977350935353081,1.6361223617302787
-0.5920293179811491,-0.6012184722061125,0.38634901087597884,0.9242019434879344
0.7842203133326195,-1.0,1.0,-7.2627015096603875
-0.15617906117811908,0.9400065440769978,0.651134524092507,6.8267364459141
0.7052963294778201,0.48998232187708557,0.5125087500955521,2.3431230171100137
1.0,-1.0,0.25853185652186994,-7.311870373296686
0.027127473476960207,1.0,0.38941127065520664,6.81324300042704
0.9996759778954611,0.14781850734949087,-0.43858609268525717,4.929327361949984
-0.1319576757980896,-0.07091259873141342,0.988338729577952,0.558134317925407
-1.0,-0.7331803611769636,0.5565657203406731,6.30140727070542
-0.2717216118425203,-0.4702845557841575,0.07301089999010713,1.2706640533449538
-1.0,-0.008751488710135646,-0.22765144092020861,-3.2879973116578896
-0.901378800892845,0.18980784650794225,1.0,3.2320081280899515
0.8687853528036149,-0.24387656767570753,-1.0,-1.1748568225570202
0.041607941788872393,0.4769674913031998,-0.07084410063584334,1.0235001963984343
-1.0,0.1366133054738421,1.0,2.6597464158675406
0.6067247456009726,0.5125111655082009,-0.6519413459171635,0.847675230706973
1.0,1.0,1.0,25.734060150487398
0.18145089612699494,0.740998650575881,-0.8769711927988149,-0.779124360460062
1.0,0.8149171707155463,-1.0,20.33950503722545
0.6764580545036187,0.07947713763383368,-0.10578137084520622,1.7504011552755618
-1.0,-0.48324652041162675,-0.6641453991713395,0.4722586944304079
-0.17973791314673715,0.8904280947283911,-0.9725698799233291,-2.0885127651562083
-1.0,-0.1774211635066656,1.0,5.020007164533841
-0.3402179507886365,-0.07528635162499131,-0.08201736262577541,0.38241744541472256
0.6616649308086924,-0.6047176429344332,-0.022021789044563977,0.9286854450527755
1.0,0.43273566981008926,-1.0,11.418883627135207
-0.1423341577246875,0.7707850942788486,-1.0,-3.5161671008668036
0.17501791903152308,1.0,1.0,10.985712700981525
1.0,-0.34804194908228414,-0.6132686616877239,4.8140146999949796
-0.19518424836787296,-0.47530460977916644,0.44757409481311106,-0.3758693695788959
-0.13682366724976114,-0.2675494194461614,-0.3690225173301558,1.112653301188817
0.6027826711234712,0.8513446024086839,-1.0,1.0275626862992087
0.3019439654209273,0.5128169360418062,-0.29575435786794113,0.5819121531203314
1.0,-0.6513978234137623,-0.009252927307446202,2.700727758029716
-1.0,-0.08545258888175056,-0.339607336591643,-3.563883940462423
0.03475269773110079,-0.9782600516146904,0.14332112703288113,2.381293123640637
0.8000339824293645,-1.0,0.276043452495365,-3.3562000783474266
0.2883783726513436,-1.0,0.008633734391578995,0.6731636912699291
-0.8785144514940435,0.2694267776756729,0.049403273953214644,-3.643408724378374
-0.4629282947963662,-0.21190708052013107,0.14651986597498357,0.1792342054647182
-0.4671337890293823,-0.3602274940268295,-0.5579745258322337,2.102468436733683
0.239613991599257,0.7065631607047942,0.8886642515401149,4.106581143129189
0.5369027801660575,0.08540865087755622,-0.83127855258741,1.0271519212577203
0.7142256880845508,0.1430942211114128,-1.0,-0.6691678555095754
-0.7822406581141024,0.317191224090134,0.45881559608158784,-2.2888695786509317
0.7154022326689149,0.3865347263063028,-0.8270790071691072,1.0628490928930896
0.8644441198418205,-1.0,0.07958076773890288,-4.9239056148457045
-0.8710353446883297,0.45014178896845647,1.0,3.902232438793247
0.6551920073491682,-0.4688205531040406,-0.35617309933664165,0.9617450413514324
0.5962728288607186,1.0,-0.9270789441539202,10.407236112906125
0.6534960437771267,0.16210780620828436,1.0,2.0959374631216656
0.40516210426410404,0.2722547727347926,0.46779313857507043,0.46296040036872743
0.7550065742538339,-0.8565448582000534,0.5882619426786209,-0.9491752477906734
-0.6667473038169089,-0.20633152484504658,0.22713489789211905,-0.7021194822343293
1.0,0.8584584074760995,-0.17570087966766623,9.675007867190986
0.09597431182169047,0.5600469004409723,-1.0,-3.589229303583843
-0.019672307695796754,-0.5369172221849099,-0.20430873042312525,1.6615071898794573
0.6728292407198373,1.0,0.8143305448221096,8.167756949724996
-0.3532472982265842,-0.8093157938123898,1.0,-2.0460664197378544
-0.22189652255730863,-0.0829991432368613,-0.7339125979347554,0.0754981677024964
0.2156212585761128,-0.11121677259991913,-0.5556415118218794,1.2738956601418896
-0.9533014116314158,-0.4299672445528795,1.0,6.476510944691891
0.6072325133270025,-0.12849827595546848,-0.5697909269569854,1.6665864887707067
1.0,0.5762979568516855,-1.0,13.76243844528089
0.7896601860578212,0.6175991438238326,0.5752159968582611,4.168434538722301
-0.6049988303392291,-0.8177131916818001,-0.3190970963797366,2.858781029209081
0.9596409491926792,-0.3649924059087424,-0.06702520892848396,3.034338582841718
-1.0,1.0,-0.5527486729237818,12.566855158430403
0.1086924437634691,1.0,0.12387628086803848,7.121906234357086
1.0,0.5851670967824496,-1.0,13.720849726294741
-0.06419560170551875,-1.0,0.7707084588939432,-2.7104969284469025
-0.34406953578509136,1.0,-1.0,1.496526934643911
0.3475773083101026,0.5112543303709098,1.0,4.084421397614802
0.3818871085654998,-1.0,0.930828400745418,-5.008729945931155
0.23890702085430116,0.9928911690678917,0.7815554676035221,8.59987860799298
-1.0,1.0,-1.0,21.51296776011584
1.0,0.06987238070442747,-0.3137237099381325,4.571001392321153
1.0,-1.0,1.0,-8.33585974663172
-0.4340540149409018,0.563476585335208,-0.5393199467001366,-1.3925747858490973
0.09105595256925847,-1.0,-0.8051126978839556,-8.105340595487258
1.0,-0.4661585624642275,-0.15775186888780102,3.43575693159258
-0.9829733165873664,1.0,-0.5041169337734595,11.457477369569194
1.0,0.5323072231728221,0.3644680356840826,8.916932824267203
0.34032487307958226,-0.17876494662882125,0.18141614208735146,1.6358667773119562
0.06649472598355888,-0.07607009223912753,-0.010927904868728078,1.8441184656905973
-0.7283498517429978,0.7037340342252589,-0.6632929571319193,-1.189904958947655
0.6662714691652856,-0.04375053070307744,-0.34875059433369837,1.9885914384070156
-0.08009464748093431,-0.48237927441067163,-0.4280781168657988,1.0288637708082244
0.4734157424026595,0.4020245627218271,0.09673971161315076,0.6596520684443264
-0.17104112057264453,0.6945041366036799,-0.9408363437664236,-3.456468386684141
-0.28175853896154934,-1.0,-1.0,-15.794283103840677
1.0,-0.22875551472265188,0.0050113619190361725,4.442620106783093
1.0,1.0,0.5135410569527585,14.137184814628462
-0.7697835489968277,-0.807262796016383,-0.6032886037103573,2.6083796341164254
-1.0,-0.9828751505227709,-0.33108134295243974,5.408496540088889
0.3154525452015964,-0.8656009355076182,0.5603000977185242,1.4141001336210401
0.03457652219427776,-1.0,0.0030343669610914947,1.9210442629085474
1.0,0.7292770596444529,0.8860279912712419,19.197499040510582
1.0,0.09219061043967036,-1.0,8.32346661342836
-0.41442241195451235,0.45499166413651326,0.09247959297854424,-0.42547430334664615
1.0,0.013268653648082829,-0.38784388931494607,4.529368703047309
-0.10513505630822606,-0.6711316574099029,0.3948427511713626,0.44457416249626375
-0.20906900920472316,0.024314661416891648,-0.09915267459077581,0.11878213004442587
0.3418612314815186,1.0,1.0,8.878660535891516
1.0,0.4666938108798224,-1.0,11.90459248562935
-0.5866412731160981,0.3328699178138599,0.0035129434657417136,-1.4824618943218013
-0.8042339175640363,0.2627143318538745,-0.5292081952578349,-0.8073790848695637
-0.18700402191839616,0.3903593533638201,0.7216609191840688,0.5504744840528755
-0.6790236245203409,1.0,1.0,14.947970894114459
0.4885460503100867,-0.5515488973677805,0.703081238911764,0.425600858643573
-1.0,0.5739745284948876,0.3374581929349645,-4.686990048171538
-0.08416403156820884,-1.0,0.5722641556847243,0.5199574664118993
0.8041452516331071,-0.7376393176141944,-0.8099015230372657,-2.3063716238366627
1.0,0.18302456842858228,0.7529738699609896,9.78294053971399
-0.07333626521102099,0.46698815312370345,0.2583498225802916,-0.7882329038913357
-0.5707387559209618,1.0,0.031224331222289736,4.476800083674389
-0.8146794981936585,-0.004870115106217376,-0.22688244831168336,-1.8261558653210503
-1.0,-1.0,0.8333173602032338,18.38283732105332
-0.09185874921463055,0.38679022473788693,-0.6787819505487189,-0.5582242244550575
0.8389532998363862,0.43697436528214495,0.24211482282272834,3.622547874054391
0.634471500765605,-1.0,-0.6735545307445434,-8.179182811262535
0.37901990391685225,-0.07291896255217778,0.6275228054243798,0.6527399858721737
-0.12440542920627395,-0.6673973205523567,0.4418476380614902,1.0396903009033813
-0.7453794468752404,1.0,-0.007683390642613919,4.051592102409043
-0.13786226462328788,1.0,0.996440738834552,13.327699827543704
-0.7215649837630285,1.0,0.35389765779942506,2.854559139558013
0.705961876304898,-1.0,0.20400947012979187,-2.4140082309918727
-1.0,-0.39276462178060334,0.7483502988118507,1.0372695771972464
1.0,-0.022036164855073093,-0.3790095787720664,3.9816767611442327
-0.28748781765262543,-1.0,-0.3822768016543885,1.7043588533937053
0.05540887937890138,-0.8116418379250743,0.2761486102673971,1.128867066515968
0.7583657892197102,0.9530539218204042,0.48878182888287647,7.248199252492349
1.0,-1.0,1.0,-8.59140528843585
-0.6811742603538349,-1.0,0.09199569216319103,5.540949463845488
1.0,-0.002336384010255932,0.6179796014134007,7.7405783662570595
0.2815603077251094,-0.8332910770784223,-0.8813542859418226,-5.94161506428952
-0.7248501918119687,-1.0,1.0,2.7514204000815927
-1.0,0.4540070815864963,-0.03475233853635573,-2.9299077407261453
-0.700481637219788,-0.5932808473288744,-0.971153640161659,0.37696838887393314
0.24146461178439615,-0.1797564288175817,0.5600481645934647,0.977131926668167
1.0,-0.30548318368136185,-0.13277888020138384,4.290856529690419
-0.19497619743710537,0.42446677013943557,-1.0,-2.8452618941694845
-0.8804887453608723,-0.26384823010424596,-0.4496161035066566,-0.5990744860373048
0.020762741837041965,-0.38359697943197624,1.0,-0.9080678585127664
0.8670157640650875,-0.20968841814035177,-1.0,0.03414844999311351
1.0,0.7054802550575052,0.4603469607282331,10.443158677108103
-1.0,1.0,-0.6259393452077449,13.168529358024621
0.049865234861261376,-0.3813748006567632,1.0,-1.5785075865609919
-0.9910542119651033,0.026669590842193003,-0.8132532716332219,3.2718190768051882
-0.7580539025681718,0.08205357120040979,0.35238068919738574,-1.880366303683519
0.4354018942644713,1.0,-1.0,6.505275621432617
1.0,0.3666313205539917,-0.4678170566004256,4.836392539943004
-1.0,-0.9372780538596905,0.49825835245767025,10.314367962830051
-1.0,-1.0,0.5337636196583617,12.477964160901298
-1.0,1.0,0.9442165433045231,11.625468076613382
0.43392174457469546,1.0,0.35238741399428486,6.461886427462578
1.0,-0.5640647090009234,-0.1534750472464108,2.958323627774431
1.0,-1.0,-0.705494774678828,-14.479527208750135
1.0,0.6298421719256011,-0.14227077303320224,6.579326628047473
-1.0,-0.6805915196670462,-0.024612247267606246,0.4500029087175226
-0.2517113571880347,-0.25421086943768145,0.6523659258661898,0.44701947588180185
-0.037223201748820545,-0.6649437816928492,0.31539420959849873,0.3794185315795
-0.8065094404173927,-0.00797280560507807,-0.37778918375067616,-1.4491030742063333
0.5994394119450317,0.4679343972266088,-0.5084867969579201,1.4406228120098785
-1.0,-0.17498863941725507,1.0,4.483812922058391
0.9268726518980366,-1.0,1.0,-7.627699301331729
-1.0,0.6668840620520218,-0.6685355491304152,5.048891170898709
1.0,-0.10557843314941717,-0.44864147242689434,4.861976251805584
1.0,0.7346768850139849,0.7497826641478809,14.968601612178349
-0.03307842491525137,1.0,0.19856397022146322,7.175712953413986
-1.0,1.0,0.2483761202429653,4.379987575558029
-0.8043964708229019,-0.008819514723550803,-0.2874202037542666,-0.9919273049909745
-0.5063914167838535,-0.23865340984518957,0.35125706394878575,0.3509805755769944
-0.46543516564133025,-0.3067580608840901,0.19757996022211288,0.9094954888689498
-0.14649877038576586,-0.35552115419735375,0.2658227192993814,-0.0032932319999806614
0.32681717318399395,1.0,0.3206178017674919,7.095628598612914
-1.0,1.0,0.1321913431038142,5.641114649583431
-0.2772292244784291,-1.0,0.8489558785881921,-2.03035806633
-1.0,-0.47349542887872764,-0.35844280576547294,-0.8262457801204817
-0.5829057717797139,-1.0,-0.007877144408291459,4.6067716538927215
0.7078381083635781,-0.6233003647342665,-1.0,-8.879323214351759
-0.2074077075092664,-0.4405715642438397,-0.6525703933169873,-0.20893053814113938
-1.0,-0.4962268030593886,1.0,8.568578504970022
-0.6395284595373625,-0.44502086759994186,0.2898465692103549,0.3062600080120321
-0.3465429931633861,0.5179625209618361,-1.0,-2.9690536183747334
-1.0,-1.0,-0.8513393535309708,2.9766658727985584
0.6374380180920762,-1.0,-1.0,-24.408713186546986
-1.0,-0.725800646556257,1.0,13.554910025175335
-0.5923646392751207,0.26287147990553583,-0.2504208713544107,-2.0580898775130163
0.03469028534834062,1.0,-1.0,4.756022042354851
-0.05023719922388348,-0.28021422638023474,-0.35519664202577816,0.9503542105203463
0.331192944221935,-0.4176754642768603,-0.2927904371396528,0.8806809274790197
0.8191207255322603,0.5605235681052072,-0.6519727965077977,1.9222660507898537
-1.0,1.0,-1.0,21.854883980512977
0.010101467439852296,0.8178333759932668,-0.3104195777494505,2.1085536358156824
-0.22842060228232897,-0.7461558890281483,-0.07539346696048765,1.5309086958328246
0.33475031978245884,1.0,-0.42587686662950364,10.714751260364805
-0.7998458227467673,1.0,0.039139870770895424,4.061760250592554
0.6392748607507008,-0.39000744500963047,0.4975895081479238,1.0760019857632037
0.018562020132526724,-0.8165052284438841,0.927703398084571,-1.4725875382304847
0.30190829858484736,-0.2934051515519036,1.0,-2.4903074770218283
0.13820557326021854,-0.329856475822516,-1.0,-4.653732239136062
-1.0,-0.22923981905053092,-0.5568740586425307,-1.6889402788120889
-0.5223987154873129,-0.7669327738579492,0.6515436219191186,1.4864926036513537
0.4085662923363913,-1.0,-1.0,-22.29906110649232
-0.5537642051226868,1.0,0.8419426938260299,9.487725038043276
-0.36099438869507816,-0.5791746046102488,-0.5755441685429104,1.073269465150779
1.0,-0.4006460829419747,0.5892437279798477,6.065169654067944
-1.0,1.0,-0.8105843649428202,14.939179533209385
-1.0,-0.356489984109285,-0.7518699904287562,0.5340687161819139
-0.8926303920492007,0.3661959620429951,-0.40763144888939085,-2.0898054284937495
0.6408288640047861,-0.3830106945349061,-0.36931441640845053,1.4786117669667198
-0.09377026590349047,-1.0,0.6571820359091161,0.5084690157203426
0.08008493544619655,-0.2417006995899158,-0.535683767174326,1.2371170539962195
-1.0,0.7571901739075872,1.0,10.43302905778754
-0.8708792712657727,-1.0,0.07588648887741956,7.294392743414477
1.0,-0.6082281698186738,-0.578023879641449,4.746695186572811
-0.7043935061214175,0.09026207696026467,1.0,2.1637340027645573
1.0,0.8828556017189482,-1.0,24.354508952086963
-0.3899134105593156,-0.8792033979544751,-0.45050984573567465,2.1354398310936924
-0.969033688165847,-0.4065491155071166,1.0,6.583162238257846
1.0,-0.7070174880637075,-0.22084400098507517,2.092899980474935
-0.6977939293686275,1.0,-0.5379053900203457,3.5356434531781664
1.0,0.08407347665125653,0.1904593200209317,5.48978942718291
-0.3636211688555535,-0.36321314815198824,-1.0,-2.8804457894415867
-0.35258179428696,0.15558626155273725,0.38661325480301145,-0.9473988832717022
0.2564487329353571,-0.3542529507698291,1.0,-1.7331856855392804
-0.16450152289696596,-0.9833014683373382,1.0,-5.277799081732408
1.0,-1.0,1.0,-9.428568198132535
-1.0,0.39423815702622855,-0.2340493947742064,-2.8706007777869407
-0.6216967076448405,0.8638996426204852,1.0,11.295968120848583
0.4346607804238505,0.2838168741102247,0.33723728530941766,0.7844880912127965
-1.0,0.2588792951018781,-0.4344358959760499,-1.5621873145500047
-1.0,0.4609365157676666,-0.5160557451105363,0.461643692964271
0.5996606965947653,0.6463769017124672,-0.397315770818101,1.3027923927381049
-0.6470401049491616,1.0,-0.45346338876790515,4.658280332052708
0.038392102203104406,0.19818940031366084,-0.6289933719093646,0.5994351159421882
-1.0,-0.8380937363196077,-1.0,4.769290832261825
0.8801101718402695,0.3606673080210223,-0.8620162487125294,3.8952118201424213
0.5942726301749537,-0.5984409842138136,0.3199028713313712,1.8460110152595655
0.740636529764199,-0.9689009094654077,-0.6701185785132675,-5.702972867553926
-0.7819754878734035,0.8677956420439523,-1.0,1.9806406655538282
-0.009676060302059808,-1.0,-0.15639374098852743,2.1644270363218268
-1.0,-0.5880906028667503,0.4320237998371186,1.155345945788851
-1.0,0.36934909156890927,-0.21096003931653184,-2.23245848838576
0.9384970792431437,0.03171403982564969,0.40200080913745695,4.13687116780569
1.0,1.0,-0.31136164843606573,16.854896053990224
0.1870531058752276,-0.755217781446778,0.9091646619584977,-1.8467517823151247
-0.00201683022923671,1.0,0.6369499804914811,8.157064591610805
0.0008588459620402222,-1.0,1.0,-6.218921138880856
0.5971786779973469,1.0,0.8717340929177186,9.326866544158486
-1.0,-0.9329131829643991,-1.0,4.145746232961418
0.6333156119687808,-0.0036483090978203236,-0.729206577551816,2.5035703226665316
-1.0,-0.44384555303199824,0.17345612131491084,-1.1922695641832513
-0.0656819713939012,0.3046004038016352,-0.060303405309932945,1.0188430994255355
-0.3049175112612239,-1.0,-1.0,-14.422443407206494
-0.24713984757842655,-0.6695931202208718,-0.8044121764621781,-1.340926874477903
0.15552261542931523,0.1728756670479401,-0.8540284856248697,-0.16867820706654124
1.0,1.0,-0.09695919151277144,14.682971318356083
1.0,0.08790925961033347,0.129842289833205,5.169155998779565
0.26711732349635153,-0.0005690509223201801,0.3033867574980409,0.9720259866338636
-0.5884427480092949,-1.0,-0.7001362913669809,-1.845086412122059
-0.04787260828163853,-0.3670580585011014,0.4942410726161246,0.5414873970114907
0.6527900687460986,1.0,-1.0,10.602246403019562
-0.4068117090915899,0.06426224121483037,-0.14330973547570336,-0.08154481898264615
0.7988219316949299,-1.0,1.0,-7.014606489960883
0.6998580001328685,-0.06382022172651824,1.0,1.0136474457555902
-1.0,0.6593924413843579,-0.3886770195758533,0.45701971478052883
0.01993706590737232,-1.0,0.1167043405670698,3.2512143107406177
0.42330447295184004,-0.5163452470599876,0.6952899729575042,-0.27734874490779204
0.3079913468071136,-1.0,0.003103630316593664,1.0881468984591003
-0.6645049447452043,0.22188773684164342,0.4052273798208186,-1.8337552354271767
-0.6531039846718922,-0.8862097408654943,-0.4822070199376922,3.1566633127702133
-0.4099018647524768,1.0,0.16738427309863102,6.7560969351389675
-0.6169669450529989,0.14866134256658858,-0.6391419806119913,0.1435908734786564
-0.7367677233786611,-0.45277689108274055,-0.6487793482088369,1.2755879967590156
0.2464189155196168,0.13662034648259347,-0.3375441238025747,0.76065325465215
0.5028897617011452,1.0,-0.16878257232894467,8.645285884685768
-0.9380085741239923,0.8021686810466031,-1.0,12.477325996361744
-0.2881635178779465,-1.0,1.0,-5.227629825435458
-0.5681617393640488,-1.0,-1.0,-10.609275260289877
-0.29756055490210387,1.0,-0.7801006043949281,5.690644231932279
1.0,-0.47738322308280545,-1.0,2.668190036389726
0.24844661953058877,-0.9130025935213197,0.1000560180536143,2.043471422297986
-0.3517477034563985,-0.31327052662889376,-0.05150577816990287,0.4892965961578086
0.1235053621254869,-0.20773753663895977,-1.0,-3.8902441521378206
1.0,1.0,-0.09523991098589213,14.769022261496087
0.6400460887950403,1.0,0.1941141752561215,7.71652356602024
-0.6103449781141683,-0.44413421050448254,-0.6149463104241184,0.7001336329563682
0.25537261963155933,0.6106568387086746,-1.0,-3.9710602666758814
-0.798646331824463,1.0,-0.153496687862112,5.270397237045322
-0.11925099469708078,-0.4197450186222278,1.0,-0.7692644059771253
0.48342763373306563,0.8009761866229044,0.13242746798473926,2.257300041324253
1.0,-1.0,1.0,-9.572711543255984
-0.27298679716425833,-1.0,0.8985175451375875,-2.025864138717615
0.7620165015591338,-0.6459818044040999,0.2487594566853184,0.3082180279071166
0.22031789550681324,-0.31498475018760574,1.0,-1.5578826499588598
0.684999589802644,-0.423403642551462,0.9280147607666713,-0.13413673456687558
-0.11092542067918876,-0.2403217972250804,-0.30697567982488483,0.8113305601074581
-0.8385998402365462,-0.16623327723322512,0.20036522625879338,-2.1085560801472765
-0.29456723839179766,-0.8908929798412577,-0.3595660370026581,1.9090834132116692
-0.08515723456674351,0.8094820749996439,-1.0,-4.107323728978789
0.7872095587977193,-0.5188648105344118,-0.4835537665438012,1.8219872039991758
1.0,0.2882351395969811,-0.5129107070000012,4.775124040708224
0.13467895408087327,-0.6190485372682639,-1.0,-7.356497145953987
-1.0,1.0,0.2408079241650345,4.961612525174054
0.012187223799482894,-1.0,-0.9633420358354756,-14.39879413386421
-1.0,-1.0,-0.5314330754954626,4.965729193180878
-0.8485552382407511,-0.14342634981556457,-0.6244977142294825,0.9168763772625246
0.7074888570826978,0.638721947774296,-0.6172097349669063,1.6234106434856024
-0.6129920197760175,-0.049684910702443075,-1.0,1.0616272063881609
-0.07977920725926357,-1.0,0.7729773315180979,-1.4527958710416287
0.35801342142323156,0.7793993220121751,-0.9386334283876498,0.028795090338474716
0.027686321823285676,-0.9518789022450753,-0.3151923393117628,1.8984526681516427
0.7463954596085636,-0.7573474364792565,0.7839421374195377,-1.1088228335099046
0.09275718934923871,0.5397353922763333,1.0,3.703585392205336
0.4587688628973192,0.08850946107087054,0.5908712874960007,0.35079577614380975
0.3059873218725886,-0.9094481837615813,-0.42578361884082927,1.0025237052291645
0.538432435783698,-0.6517554219140111,0.16933142863988615,0.48272869588955436
-0.43119497378976157,-0.21205806786635795,0.49267094576704484,-0.6252522312173462
0.4416789686632543,0.14264066331976766,0.08694691567268786,1.3931008155711364
-0.7491003211087119,-0.23717573624648125,-1.0,2.671364558508515
1.0,-1.0,0.3551537111350671,-7.1456932139345355
-1.0,-0.49497941891075126,-1.0,5.686233146154353
1.0,-0.5586809386704061,0.23627964075816577,3.828138615883917
0.07002429134474863,-0.0005631160720436235,-0.9121406158095491,-0.7357644916316458
0.2530638215805452,-0.07673147830252147,-0.8648349256523735,-0.2699539435757665
-0.43750067637451906,0.7188097632833084,0.618580189110941,1.0385667522754074
-0.8057449461474349,0.7490706619049818,-1.0,1.8375153190244928
-1.0,-0.16815991325626123,0.3015339570664217,-3.514302634823407
-1.0,0.8861186910080068,1.0,14.019051916074613
0.22576880406970878,-0.27601652712212776,-1.0,-4.331054357635701
-0.15498275476696333,-1.0,-1.0,-14.996519232566015
-0.13059909947944348,-1.0,-1.0,-16.725371825625132
-0.17779978578185696,1.0,-0.15287934488062205,7.485564022872198
0.5184063709973139,-0.5219722819644865,-0.47597858745934096,0.5847622636870029
0.10194691356446528,1.0,0.8330504012080118,9.91332685853114
-0.566897092004367,1.0,-0.6953556078986243,4.2600751707442965
0.43062128028778734,0.0526911577116993,-0.5950681303602641,1.6758994915340046
0.7134081881464069,0.5622838827012706,1.0,8.714242730549428
1.0,-0.6018520863709589,-0.1015398726175536,3.1013113393285496
0.2486009841128849,0.41821831411169885,-1.0,-3.1022032430927555
0.8541481643837239,0.6007323264116797,-0.3387262750115263,1.7017573327683615
0.6128841824827274,0.5742160423748188,0.46087399515195315,1.7994491847063807
0.25759647142992326,0.44534994902276637,-1.0,-2.7429339157284596
1.0,0.15013937673187483,1.0,14.884040056201858
-0.015954587635726547,-1.0,1.0,-6.743046501375693
1.0,1.0,-0.7222884613906799,26.493409113157295
-1.0,-1.0,0.5729490644012392,13.337185164726321
-0.08094301141679061,0.5035445029244208,0.608735732004563,0.7013692872403814
1.0,-0.2622763625308089,0.8716893563828323,7.727502717998588
1.0,1.0,-0.9674319832607134,37.11043818031875
-0.33716254823907543,-0.9388624763721238,-0.7822926069927401,-3.9605707721367995
-1.0,0.28201736144970946,-0.05669627765194174,-3.300565653703303
1.0,0.8729059582247563,1.0,26.887221868034683
0.4641470391690179,-0.18561451128959505,0.40484831935606524,0.9918513121834487
-0.9600339550745043,0.23857461344271713,1.0,2.8969735150940794
-0.050159946419773505,0.9199474107248449,0.24649064925889252,4.25881602388499
1.0,-0.5865554638668571,0.5777592917579637,4.49012757322168
-0.034872100612415524,0.4915015174318065,1.0,3.405389297487644
1.0,-0.11366114281002448,0.37225249783168124,5.699583915784689
-0.1555877616776158,0.19962564509695335,0.42563332529872566,-0.2341715098021811
-0.9247468104928214,-0.20459577331884637,0.18299617983613037,-2.475162622752997
-1.0,-1.0,-0.3784014961155955,6.272718202245249
-0.10113319404540189,-1.0,-1.0,-16.617463167612062
0.002721851511743756,-0.33236308278760984,-1.0,-4.341084678658664
-0.4701095405517455,-0.8469296758034623,-0.39245674077739956,1.928593358033355
0.03332151221300861,0.9838970024612339,0.7881990860104544,9.067142297942237
-0.6919745920231783,-0.6755106336798022,-0.26109561120166025,2.386748121481082
-0.8342555247291148,0.3139566788811752,0.4897758912162724,-3.0392768956287424
-0.018247884113408386,-0.040391032621459155,0.8478604496739801,0.3864327442284261
-0.3457918971970755,-0.2573114126857332,1.0,0.03445084349393923
-1.0,0.731254129191315,0.4972520471073376,-2.8742025574573424
-0.6219145653507787,0.08288103421102355,-1.0,0.2695653530904765
0.5647361714679362,-0.66500811562008,0.3241743514681623,0.8987202953675018
-0.7269330502473019,0.6451443188452011,-0.3557647541883906,-2.3508839016815104
-0.7513770973081395,0.6635021947774897,-0.6311752260660002,-1.0306150277671338
-1.0,-0.49842022667053754,-0.4617543574346863,-1.041009928773023
-0.7205065906158243,-0.438869188590693,0.43702482371309204,1.1213447672744161
0.01626426124567204,-0.574693807194385,0.025789643677540885,1.302819783692321
0.7243198197019163,1.0,-0.08888259504166673,8.343360891061502
1.0,-0.14994458745496053,1.0,9.747263886871933
-0.41475362015119654,-0.8852837057661074,-0.49758724485653705,2.2048502396769507
-0.07524536078019217,-0.7379504032237671,-1.0,-8.14306684069652
-0.9126237896608109,1.0,-0.8002429748583859,7.551479498898311
0.38151942206872436,1.0,-1.0,5.670732460789275
-1.0,1.0,0.033578189574242856,6.597956799914019
0.6642654421916239,0.5962280112683798,1.0,7.185519864030993
-1.0,-0.5600579569098483,-0.145664810271805,-0.837843884172752
-0.7672784597684674,-0.15938988913887053,0.398724939847547,-0.9285692890713353
-0.5771521507507098,0.2595709746751891,0.11900717389482307,-1.7101545443563275
-0.619772380377698,0.9261106190429462,-1.0,-1.6757523245054773
-0.5413090480480625,0.12377032389217413,1.0,1.6668901029782601
0.27261413713646143,-0.8348942328272841,-0.492954318617282,0.5836436228884574
-1.0,0.6429802985793416,-0.7112558124692479,4.949214427167633
-1.0,1.0,0.7762770342410488,2.0210396507011428
-0.4334512688809167,-1.0,-0.7803627646773905,-4.328205377868671
-0.4558202737034085,-0.8095094000664518,0.7971573989536511,1.0822786769195456
0.8620354826536396,0.37907335420464894,-0.573824202297343,2.800449113509906
1.0,1.0,0.7435936847236815,17.226482369054803
-1.0,-1.0,-0.5005252495673946,5.302814542555473
0.6949383794823627,0.6422061917151691,-0.47315535909813944,1.2523643948629684
-0.027668796382839034,-0.9768962985168648,-0.23411206154561048,2.003878267590657
-1.0,0.47007380030698664,-0.8780969299121837,9.41153429091241
0.4635472029640544,0.202933661159995,-0.6795921650315642,1.6301987312087118
1.0,0.14327242993661993,1.0,15.28963790731151
-0.7983158576799567,-1.0,0.8673402411363564,7.06180316572187
0.09460524006579041,-0.39476301943831427,-1.0,-5.0924571418563485
0.3576440750891996,-0.4926453570380456,-0.11727377260149185,1.795600785030567
-1.0,0.08152309517496747,1.0,3.965593827154557
0.31551027069186577,1.0,-0.17774868153501822,9.004727798225442
-0.8058455767905441,0.7862397244993282,0.09066030731537222,-1.6834393483335004
0.5046432378575514,-0.5461365902353283,0.028292471085437976,0.7871084979163938
0.7198880294742576,-0.5176436495851533,1.0,-2.741752353989411
-0.19203313713151315,-0.3797576910012721,1.0,-0.5148288712399175
0.17882368037106633,-0.6878129763815444,0.027847253625655544,1.5829797117983466
0.38939880231455826,0.7263640501558606,-0.5757353908035765,1.473255834917727
0.1364961038319763,-0.29667895679048173,-1.0,-4.346873998192817
-0.2658271412593518,1.0,-0.4205296156144913,7.908581833393769
-0.016126136885679543,-0.14849093553316872,-0.8073032327983001,-0.1977667325117951
-0.5419012239043439,-1.0,0.02817188511173785,4.111282744470018
1.0,-0.30298576754331386,-0.6133153860726595,4.802493354756502
-1.0,0.8353268388241459,-1.0,19.849847027871242
1.0,1.0,0.8066338125872861,18.56447145219382
0.5956300079830101,0.3365370748334353,-1.0,-2.1668230991922774
-0.911813654779122,-0.5320338376894249,-0.16961417430901937,0.8382549567455531
0.9409430311565239,0.1477622029805814,0.4184154356993244,4.916898919063325
0.270990471855856,-0.457190572183126,-0.07927023952813927,1.5617902210513028
1.0,1.0,0.5139862704203328,14.416129308643853
-1.0,1.0,0.2026840872119453,4.950149267247746
-0.5925331515874792,-0.8112109300333807,-0.06588191595302484,2.951369482732365
-0.18936231278094584,0.14449264191469346,0.8789388710391568,-0.5081197986693641
0.34341492449776223,-0.14252384071681612,-1.0,-2.555748981063762
-1.0,1.0,0.5925631294197502,0.6652166176016179
-0.2144238226289501,-0.8528916892364262,0.8175836186421803,-0.31029027392932984
0.17525819809828835,0.5535693987324137,-1.0,-3.867244393231942
-1.0,-0.09947073629397862,0.7388037579869557,-1.7483369321860462
0.8665474488742502,-1.0,-1.0,-27.918454991883113
1.0,1.0,0.10644922903017906,12.655131397327315
-0.1415805144672857,-1.0,1.0,-6.441571480887116
-0.5091190047096397,-1.0,1.0,-2.455625395115897
1.0,0.17385757532111312,0.5071951015989762,7.269149208568922
1.0,-1.0,-0.977525525538099,-28.058488783123213
1.0,-1.0,0.6788395713248259,-5.7521630139071585
0.394660734644555,0.12552041746110043,0.9763120231224145,0.19003425930244006
-0.5422230622933157,-0.3988292469959309,1.0,2.14773905818222
-0.815447684422951,1.0,-0.2831924727592918,4.946680824931966
-0.35433443079834404,-0.8673920462928248,0.8845601671777168,-0.6008871223571199
1.0,1.0,-0.8204018588902591,30.739839723930388
-0.9852226716806849,1.0,-0.06591810220777883,8.103478260141527
-0.17528147208232325,-0.9812961058597844,0.8821239700288224,-3.279168723807654
0.25177739738910354,0.5660409829155741,0.5257279646516642,0.7813260511524697
-0.46830135809330486,1.0,1.0,16.578325321362875
1.0,0.5505850960940337,0.6157063754634937,10.569064079349806
0.8048791799748085,0.6264104284064782,0.33319160806839143,3.7280196731732893
1.0,-0.603482841750729,0.12549303232034137,3.395823831638298
-1.0,0.06305551137331622,0.028878207460704797,-4.0088698301173675
-0.2031317502566119,0.2535090473815029,-1.0,-3.25062253613401
0.45200237875784555,-1.0,0.4130972673766795,0.23235916430017983
-1.0,1.0,0.758618377817966,2.5554919824516777
0.755490481878413,-0.6531940929667859,0.18993381417314947,0.5426703733480089
-1.0,-0.29253645910841297,1.0,5.432727715899876
-0.9371148108891687,1.0,-0.4904468741774717,7.989494370899413
0.3681719954673024,-0.3257475605701188,0.2744560567542953,0.5004382390249675
-0.443116321576859,-0.1579090735749522,-0.31662452201997926,0.2786763201520263
0.2572618074023214,0.4551906391495948,0.967141292604653,1.8688385336218698
0.040896823207559274,0.2092997635785916,-0.3061713210124861,0.7105001395703004
-0.4937720606340854,0.0025514419805645616,-0.4166963101237753,-0.0641769465703628
1.0,-0.4558612649339788,0.17452301520754854,3.1338692796681302
-1.0,0.5152169817919154,-0.3507879321497107,-0.7148710481414359
-0.1558839448084537,1.0,0.0088227922077313,7.396853726932982
0.27229736634969126,1.0,-1.0,5.6638634396204885
0.19334452128375768,0.724045132165464,0.12810214327522407,0.8656391577211717
-1.0,-1.0,0.3726988644551754,10.461305216897651
1.0,0.194285844970693,-1.0,9.737156835939775
0.12602352501491976,1.0,0.15295452152828237,7.225363668856207
-1.0,0.360187619240679,-0.6211622146133235,1.147709065230094
0.24608434522752431,-1.0,-0.3661227077877798,0.918818267489795
0.692635375208408,-1.0,-0.11547077576972198,-2.1595766354695534
1.0,-0.561026044217015,0.18531566936533972,3.737914921659523
-1.0,0.5919125147046145,-1.0,18.224153525218046
-0.9994115513430739,0.6292859918072042,0.37897580355393035,-3.5299865307058815
0.8964589275850023,1.0,1.0,19.4440937754128
-0.2166836615689247,-0.5965862467533505,-0.19182025113403922,0.7130559021153663
0.8790439403110171,-0.6202710982012603,0.9272060948261345,0.2464588434623628
-0.4190022135071394,-0.6068880845601634,-1.0,-4.276106630986873
-0.3107328359142252,-0.38078436383072556,0.4213678424031104,0.10618062455034646
-0.7438391305188825,0.053888724958684575,0.01160904741126667,-1.4788274364273168
-0.025808534097213842,0.03919554706333117,-0.2314262707334953,0.056278947205450236
0.07597249388909355,-0.04067492234083159,0.5095695109483951,0.5802526630818944
1.0,0.026690546389084746,-0.11290755009845355,5.214405289351867
0.11729180228356628,0.5511672978619429,-0.5092981860233381,0.37752494599202074
-0.04555530018341747,0.7520322811527052,0.23416529993082147,1.1707134648834876
-0.32232370457408455,1.0,0.7619821843153893,9.576481718774922
-0.9005942775556821,-0.040128687646303174,0.8970066030055508,1.1778274779665148
1.0,0.23975391001873425,-1.0,9.887086872988254
0.026707612110677292,1.0,-1.0,4.376502256357023
-0.92547634069832,0.5575026787063617,0.03770077603125088,-2.5827604822715275
0.42391302443139556,-0.5619025566639697,1.0,-3.330782833574584
-0.8082182650241314,0.9245607975910046,0.08752065626609173,0.6915853817023134
0.3836520280447373,-0.27086047308164596,1.0,-1.1544147522512582
-0.5805821835440939,0.7057303117629714,0.07240907286299536,-1.163793183537226
-0.09667154765164154,0.6331645482107318,-0.2433478168768004,0.8124305309664412
-0.30327082024341845,-0.13945026483912204,0.5517163907030411,0.16394131302449222
-0.5930705513868826,0.4246537917440809,-0.7536913573279724,-0.509003651835541
