stage,model,degree,alpha,l1_ratio,validation_mse,validation_mse_sd,validation_r2,validation_r2_sd,train_mse,train_r2,mean_fit_seconds,mean_iterations,folds
degree_curve,elastic_net,1,0.01,0.1,8.412161818174303,0.5571975250739428,0.1282356955631258,0.04435611959932922,8.252212512722561,0.15275917217643642,0.004398806733661287,11.533333333333333,15
degree_curve,elastic_net,1,0.01,0.5,8.411365579287478,0.55774069494669,0.1283287068498754,0.044215918966349015,8.252405186691995,0.1527393904068897,0.004800226666702614,10.666666666666666,15
degree_curve,elastic_net,1,0.01,0.9,8.410665091160405,0.558169635409925,0.128410378037944,0.04408867307718389,8.252681723867855,0.1527109978191283,0.00371784120022002,10.533333333333333,15
degree_curve,elastic_net,2,0.01,0.1,2.9363019349871666,0.26528839623231704,0.6957161576045127,0.024248256639736624,2.7223110148309555,0.7204985279432845,0.009529368600002834,17.266666666666666,15
degree_curve,elastic_net,2,0.01,0.5,2.933395700707765,0.26558267433035804,0.6960333144721359,0.024058677633423554,2.723402686448957,0.7203864397930133,0.00723580006670086,15.6,15
degree_curve,elastic_net,2,0.01,0.9,2.932084694568429,0.26563210774355955,0.6961817840454151,0.02388198759370446,2.7253148902973843,0.7201901128742859,0.007180968866305126,15.333333333333334,15
degree_curve,elastic_net,3,0.01,0.1,0.8815524966643603,0.0702718940004933,0.9084226527013005,0.00947835539983023,0.7183456226499627,0.9262382416178792,0.02180957333403052,229.53333333333333,15
degree_curve,elastic_net,3,0.01,0.5,0.8867485607963351,0.07020993380347268,0.9078620524286491,0.009731741797765687,0.7292581650819272,0.9251175267598458,0.020858811000410492,162.86666666666667,15
degree_curve,elastic_net,3,0.01,0.9,0.8955537206809968,0.07120499290758392,0.9069144127108042,0.010199932408428636,0.7444994909538095,0.9235516061996124,0.015573349800494367,118.33333333333333,15
degree_curve,elastic_net,4,0.01,0.1,0.7071595609436941,0.047057056534679335,0.9262189401267009,0.00969852375689657,0.38523312514374897,0.9604349195653815,0.06285509473382259,371.8666666666667,15
degree_curve,elastic_net,4,0.01,0.5,0.6456863092456122,0.05337257864807108,0.9326741058237059,0.009147131894453165,0.4137927248191585,0.9575013370161558,0.030453860933872975,179.46666666666667,15
degree_curve,elastic_net,4,0.01,0.9,0.6244991821842336,0.05750662835127002,0.9349295645382731,0.008846111566629409,0.44007558422581483,0.954801806065879,0.038324757400308294,150.13333333333333,15
degree_curve,elastic_net,5,0.01,0.1,0.42767144210513763,0.026894927193757343,0.9554963385824341,0.004675382990517054,0.1599294345313351,0.9835763009931232,0.42209308606688867,1908.5333333333333,15
degree_curve,elastic_net,5,0.01,0.5,0.31482121890878056,0.02480378111573328,0.9672080194860995,0.004168753107735378,0.19330456567725132,0.9801467090985482,0.11451797886620621,399.0,15
degree_curve,elastic_net,5,0.01,0.9,0.2969656482196441,0.025010083724955744,0.9690517911799611,0.004110941085986072,0.21046862213689854,0.9783835879229975,0.09079198893256636,264.53333333333336,15
degree_curve,elastic_net,6,0.01,0.1,0.49551751220284795,0.04969217632400203,0.9483268784094349,0.007548042865902612,0.12061130245560882,0.9876153658105383,2.524075253133924,3712.5333333333333,15
degree_curve,elastic_net,6,0.01,0.5,0.34500921735238316,0.02931369862199606,0.9640487857345741,0.004819024775816135,0.175075855395289,0.9820200015107806,0.2680132440664844,589.4666666666667,15
degree_curve,elastic_net,6,0.01,0.9,0.3115943410619556,0.026635617930204275,0.9675359673884713,0.00425310513801538,0.200510078770942,0.9794066460108845,0.3360610645332296,508.93333333333334,15
degree_curve,elastic_net,7,0.01,0.1,0.5485355813776597,0.06540977767344557,0.9427884516884092,0.009231073192958822,0.0940638199155443,0.9903419619819572,14.310620899266603,9343.133333333333,15
degree_curve,elastic_net,7,0.01,0.5,0.3653048316620756,0.02956739519572581,0.9619608811601822,0.004724137866484581,0.1599937424788557,0.9835693935796497,1.611493123000158,1256.3333333333333,15
degree_curve,elastic_net,7,0.01,0.9,0.3287516954186466,0.024280147296882205,0.9657915713387301,0.003839716616237676,0.1904671236745358,0.9804396742075517,1.0387074290670475,840.0666666666667,15
degree_curve,lasso,1,0.01,,8.41049838167664,0.5582788877141083,0.1284299490876812,0.044056493669482215,8.252764628472553,0.15270248600850708,0.0037118534664234864,10.466666666666667,15
degree_curve,lasso,2,0.01,,2.9318935253763967,0.2655121294194603,0.6962041452758143,0.023830142466709406,2.7259164154447504,0.7201283729397194,0.007642750799520034,15.133333333333333,15
degree_curve,lasso,3,0.01,,0.8980607667490718,0.07154580312154887,0.9066446368226264,0.010336690316906488,0.7486196461813043,0.9231284483387862,0.015013259933281573,113.26666666666667,15
degree_curve,lasso,4,0.01,,0.6227153223551836,0.05767159800207167,0.9351210607787376,0.008806027009316356,0.4460065280913612,0.9541925407240934,0.02684297419982607,151.33333333333334,15
degree_curve,lasso,5,0.01,,0.29598836482785024,0.025164568906962045,0.9691496078428036,0.0041252595310715704,0.21404598625851565,0.9780162477854435,0.08678446880051822,259.0,15
degree_curve,lasso,6,0.01,,0.30904882384365806,0.02678315784984907,0.9677969996181012,0.004261263448030283,0.20517735331934667,0.9789274373332975,0.29977820899997215,690.6,15
degree_curve,lasso,7,0.01,,0.32550416997593207,0.024264784787089905,0.9661216753102412,0.0038825109720637017,0.1962038425137857,0.979850786550328,0.860794805999952,876.5333333333333,15
degree_curve,lasso,8,0.01,,0.3384651421188386,0.028505645577370113,0.9647615384647021,0.004361003481837346,0.18911193261145945,0.9805799909518965,1.4482589149340734,933.6666666666666,15
degree_curve,lasso,9,0.01,,0.34854707645942834,0.02742526733031801,0.9637365940242701,0.00414199514702621,0.18380701905239807,0.981124770540741,4.0553667874664825,1309.0,15
degree_curve,lasso,10,0.01,,0.3575812904024687,0.029660618779731855,0.9627914206554262,0.004406056766737556,0.17948187746949237,0.9815696001736505,5.958932307533542,1276.9333333333334,15
degree_curve,ridge,1,1.0,,8.413242245075399,0.5566872177687026,0.12810138716250186,0.04474108517153245,8.252026902127557,0.15277822638079339,0.0029849466666442997,,15
degree_curve,ridge,2,1.0,,2.9377700623033998,0.26391953510565985,0.695539497443394,0.024414729351297085,2.7212924105617153,0.7206030940208838,0.008276984532615893,,15
degree_curve,ridge,3,1.0,,0.8798640445979969,0.0695685556878721,0.9086082540583222,0.009248560918340235,0.7133470146560441,0.9267515476392414,0.027293868933581152,,15
degree_curve,ridge,4,1.0,,0.7176306489153449,0.051320673460336315,0.9251279720307627,0.010026015001922194,0.3735486747704887,0.9616352438751871,0.02377491339963546,,15
degree_curve,ridge,5,1.0,,0.4770191034965947,0.04445676825238896,0.9503724577028603,0.006095453375665456,0.1437832283629262,0.9852353331012211,0.19798657399999983,,15
degree_curve,ridge,6,1.0,,0.5540218771623737,0.06599290548821833,0.9421541129951865,0.009644192176799151,0.10016370799529781,0.9897151735816472,0.24021213373295416,,15
degree_curve,ridge,7,1.0,,0.6226632754969968,0.0714273106595561,0.9351469272526517,0.009427193617029204,0.07086237088248101,0.992723987209865,0.27128419819976746,,15
degree_curve,ridge,8,1.0,,0.7576204405496635,0.1186452485709359,0.9209168285680694,0.015127964499551753,0.051092718892494754,0.9947546233180228,0.2060891350001232,,15
degree_curve,ridge,9,1.0,,0.8784230311539336,0.14495413207718702,0.9085344469786433,0.01683907690011634,0.03643170034203489,0.9962596472937085,0.3208654152670836,,15
degree_curve,ridge,10,1.0,,1.008535433010468,0.18105007542335438,0.8949264061087963,0.020915698458908342,0.02657556200540707,0.9972718513047244,0.4083332239327622,,15
