stage,model,degree,alpha,l1_ratio,cv_mse,cv_r2,cv_mse_sd,mean_iterations,folds
degree_curve,lasso,5,0.01,,0.29598836482785024,0.9691496078428036,0.025164568906962045,259.0,15
degree_curve,elastic_net,5,0.01,0.9,0.2969656482196441,0.9690517911799611,0.025010083724955744,264.53333333333336,15
degree_curve,lasso,6,0.01,,0.30904882384365806,0.9677969996181012,0.02678315784984907,690.6,15
degree_curve,elastic_net,6,0.01,0.9,0.3115943410619556,0.9675359673884713,0.026635617930204275,508.93333333333334,15
degree_curve,elastic_net,5,0.01,0.5,0.31482121890878056,0.9672080194860995,0.02480378111573328,399.0,15
degree_curve,lasso,7,0.01,,0.32550416997593207,0.9661216753102412,0.024264784787089905,876.5333333333333,15
degree_curve,elastic_net,7,0.01,0.9,0.3287516954186466,0.9657915713387301,0.024280147296882205,840.0666666666667,15
degree_curve,lasso,8,0.01,,0.3384651421188386,0.9647615384647021,0.028505645577370113,933.6666666666666,15
degree_curve,elastic_net,6,0.01,0.5,0.34500921735238316,0.9640487857345741,0.02931369862199606,589.4666666666667,15
degree_curve,lasso,9,0.01,,0.34854707645942834,0.9637365940242701,0.02742526733031801,1309.0,15
degree_curve,lasso,10,0.01,,0.3575812904024687,0.9627914206554262,0.029660618779731855,1276.9333333333334,15
degree_curve,elastic_net,7,0.01,0.5,0.3653048316620756,0.9619608811601822,0.02956739519572581,1256.3333333333333,15
alpha_sweep,lasso,5,0.001467799267622,,0.3803650546975178,0.9604315517122669,0.023290848161838625,1125.1333333333334,15
alpha_sweep,lasso,5,0.001,,0.4206702458346233,0.9562246228378453,0.025855888474466068,1666.9333333333334,15
degree_curve,elastic_net,5,0.01,0.1,0.42767144210513763,0.9554963385824341,0.026894927193757343,1908.5333333333333,15
alpha_sweep,elastic_net,5,0.001,0.9,0.43237808571796266,0.955006791272291,0.028040919490515025,1914.6666666666667,15
alpha_sweep,lasso,5,0.0006812920690579,,0.47063327274257033,0.9510298810843608,0.03522824389444614,2674.3333333333335,15
degree_curve,ridge,5,1.0,,0.4770191034965947,0.9503724577028603,0.04445676825238896,,15
alpha_sweep,elastic_net,5,0.0006812920690579,0.9,0.48509472148579647,0.9495245092514271,0.037529215332963245,2987.266666666667,15
degree_curve,elastic_net,6,0.01,0.1,0.49551751220284795,0.9483268784094349,0.04969217632400203,3712.5333333333333,15
alpha_sweep,elastic_net,5,0.001,0.5,0.5058514106223173,0.9473639796049402,0.04058699535704064,3647.866666666667,15
alpha_sweep,lasso,5,0.0004641588833612,,0.5326816780072334,0.9445766238822415,0.0476309085964668,4075.3333333333335,15
degree_curve,elastic_net,7,0.01,0.1,0.5485355813776597,0.9427884516884092,0.06540977767344557,9343.133333333333,15
alpha_sweep,elastic_net,5,0.0004641588833612,0.9,0.5490644498649698,0.9428701131818158,0.05109060860320872,4411.066666666667,15
degree_curve,ridge,6,1.0,,0.5540218771623737,0.9421541129951865,0.06599290548821833,,15
alpha_sweep,elastic_net,5,0.0006812920690579,0.5,0.5674203309785478,0.9409618027309207,0.05452449541227659,5263.8,15
alpha_sweep,lasso,5,0.0003162277660168,,0.5991748131219361,0.9376683863665912,0.06170448807306453,5802.133333333333,15
alpha_sweep,elastic_net,5,0.0003162277660168,0.9,0.6160656023688068,0.9359200872022679,0.06608257053411142,6427.8,15
degree_curve,ridge,7,1.0,,0.6226632754969968,0.9351469272526517,0.0714273106595561,,15
degree_curve,lasso,4,0.01,,0.6227153223551836,0.9351210607787376,0.05767159800207167,151.33333333333334,15
degree_curve,elastic_net,4,0.01,0.9,0.6244991821842336,0.9349295645382731,0.05750662835127002,150.13333333333333,15
alpha_sweep,elastic_net,5,0.0004641588833612,0.5,0.6344376574626892,0.9340183835910367,0.07150754432045363,7257.2,15
degree_curve,elastic_net,4,0.01,0.5,0.6456863092456122,0.9326741058237059,0.05337257864807108,179.46666666666667,15
alpha_sweep,elastic_net,5,0.001,0.1,0.6699021219376692,0.9303504778125328,0.08141132797532984,10883.933333333332,15
alpha_sweep,lasso,5,0.0002154434690031,,0.6787076465052954,0.9294516268352143,0.08560833660624045,8206.8,15
alpha_sweep,elastic_net,5,0.0002154434690031,0.9,0.6982631741352563,0.9274304074281307,0.09250440726442571,8811.933333333332,15
degree_curve,elastic_net,4,0.01,0.1,0.7071595609436941,0.9262189401267009,0.047057056534679335,371.8666666666667,15
alpha_sweep,elastic_net,5,0.0003162277660168,0.5,0.7132069027391267,0.9258803018612302,0.09719341128667874,9702.333333333334,15
degree_curve,ridge,4,1.0,,0.7176306489153449,0.9251279720307627,0.051320673460336315,,15
alpha_sweep,elastic_net,5,0.0006812920690579,0.1,0.7348649484064099,0.9236222747483194,0.10255114954491314,13535.2,15
degree_curve,ridge,8,1.0,,0.7576204405496635,0.9209168285680694,0.1186452485709359,,15
alpha_sweep,lasso,5,0.0001467799267622,,0.7694096532158533,0.9200880589299743,0.1175163848680363,10920.4,15
alpha_sweep,elastic_net,5,0.0001467799267622,0.9,0.7897621910280019,0.9179810526434792,0.12395481268580508,11740.133333333333,15
alpha_sweep,elastic_net,5,0.0002154434690031,0.5,0.8002111191203427,0.9168782947318614,0.1264158740263644,12580.8,15
alpha_sweep,elastic_net,5,0.0004641588833612,0.1,0.8074839520623278,0.9160817600909069,0.1302547374472047,16629.466666666667,15
alpha_sweep,lasso,5,0.0001,,0.8622764274948297,0.9104768082128475,0.1483867112714091,14060.4,15
degree_curve,ridge,9,1.0,,0.8784230311539336,0.9085344469786433,0.14495413207718702,,15
degree_curve,ridge,3,1.0,,0.8798640445979969,0.9086082540583222,0.0695685556878721,,15
degree_curve,elastic_net,3,0.01,0.1,0.8815524966643603,0.9084226527013005,0.0702718940004933,229.53333333333333,15
alpha_sweep,elastic_net,5,0.0001,0.9,0.8822176895910114,0.9083970033730808,0.15492666250807116,14959.666666666666,15
alpha_sweep,elastic_net,5,0.0003162277660168,0.1,0.8846892259248136,0.9080280808083613,0.1601253046863149,19889.4,15
degree_curve,elastic_net,3,0.01,0.5,0.8867485607963351,0.9078620524286491,0.07020993380347268,162.86666666666667,15
alpha_sweep,elastic_net,5,0.0001467799267622,0.5,0.8890368714112422,0.907640724124599,0.15777022868089516,15767.066666666668,15
degree_curve,elastic_net,3,0.01,0.9,0.8955537206809968,0.9069144127108042,0.07120499290758392,118.33333333333333,15
degree_curve,lasso,3,0.01,,0.8980607667490718,0.9066446368226264,0.07154580312154887,113.26666666666667,15
alpha_sweep,elastic_net,5,0.0002154434690031,0.1,0.961410770786162,0.9000391829544552,0.190665766192358,23723.133333333335,15
alpha_sweep,elastic_net,5,0.0001,0.5,0.9798967512682043,0.8981726741986407,0.19337969868792357,19114.466666666667,15
degree_curve,ridge,10,1.0,,1.008535433010468,0.8949264061087963,0.18105007542335438,,15
alpha_sweep,elastic_net,5,0.0001467799267622,0.1,1.0359214063435276,0.8922693566140899,0.2214705048556382,27642.133333333335,15
alpha_sweep,elastic_net,5,0.0001,0.1,1.1029295447260226,0.8852771346794929,0.2502199727964337,31260.266666666666,15
degree_curve,lasso,2,0.01,,2.9318935253763967,0.6962041452758143,0.2655121294194603,15.133333333333333,15
degree_curve,elastic_net,2,0.01,0.9,2.932084694568429,0.6961817840454151,0.26563210774355955,15.333333333333334,15
degree_curve,elastic_net,2,0.01,0.5,2.933395700707765,0.6960333144721359,0.26558267433035804,15.6,15
degree_curve,elastic_net,2,0.01,0.1,2.9363019349871666,0.6957161576045127,0.26528839623231704,17.266666666666666,15
degree_curve,ridge,2,1.0,,2.9377700623033998,0.695539497443394,0.26391953510565985,,15
degree_curve,lasso,1,0.01,,8.41049838167664,0.1284299490876812,0.5582788877141083,10.466666666666667,15
degree_curve,elastic_net,1,0.01,0.9,8.410665091160405,0.128410378037944,0.558169635409925,10.533333333333333,15
degree_curve,elastic_net,1,0.01,0.5,8.411365579287478,0.1283287068498754,0.55774069494669,10.666666666666666,15
degree_curve,elastic_net,1,0.01,0.1,8.412161818174303,0.1282356955631258,0.5571975250739428,11.533333333333333,15
degree_curve,ridge,1,1.0,,8.413242245075399,0.12810138716250186,0.5566872177687026,,15
