stage,model,degree,alpha,cv_mse,cv_r2,folds
alpha_tuning,ridge,12,0.1778279410038923,0.23943561998476104,0.9949146998926017,15
alpha_tuning,ridge,12,0.2371373705661655,0.23975285519500394,0.9949079063368793,15
alpha_tuning,ridge,12,0.1333521432163324,0.23992757319383468,0.9949038998795587,15
alpha_tuning,ridge,12,0.3162277660168379,0.24105260683295818,0.9948797839333846,15
alpha_tuning,ridge,12,0.1,0.2410762383985859,0.9948787838081877,15
alpha_tuning,ridge,13,0.2371373705661655,0.24156871862482376,0.9948625535206532,15
alpha_tuning,ridge,13,0.1778279410038923,0.24195667786436006,0.9948542748881644,15
alpha_tuning,ridge,13,0.3162277660168379,0.2419965680621453,0.9948528688238116,15
alpha_tuning,ridge,12,0.0749894209332455,0.24275263719058043,0.9948421000917721,15
alpha_tuning,ridge,11,0.1,0.24295588251080485,0.9948374326143851,15
alpha_tuning,ridge,13,0.1333521432163324,0.2430370235891374,0.9948306813244405,15
alpha_tuning,ridge,11,0.1333521432163324,0.24309081559366624,0.9948357021405411,15
alpha_tuning,ridge,14,0.3162277660168379,0.24340534692692106,0.9948277791289754,15
alpha_tuning,ridge,13,0.4216965034285822,0.24341041148175976,0.9948215787805813,15
alpha_tuning,ridge,11,0.0749894209332455,0.2434746992607068,0.9948248670948792,15
alpha_tuning,ridge,12,0.4216965034285822,0.24353320124883376,0.9948260790503514,15
alpha_tuning,ridge,14,0.2371373705661655,0.24385287516879975,0.994818987176007,15
alpha_tuning,ridge,14,0.4216965034285822,0.24390378632039053,0.9948158399447624,15
alpha_tuning,ridge,11,0.1778279410038923,0.2439995656992334,0.9948170571144141,15
alpha_tuning,ridge,10,0.0562341325190349,0.244250398337133,0.9948172189477376,15
alpha_tuning,ridge,10,0.0749894209332455,0.24440795419321057,0.9948153321412802,15
alpha_tuning,ridge,11,0.0562341325190349,0.24455002353144178,0.9948001496047458,15
alpha_tuning,ridge,13,0.1,0.24472240608057902,0.9947936471344104,15
alpha_tuning,ridge,10,0.0421696503428582,0.24473634647697426,0.9948052708738332,15
alpha_tuning,ridge,12,0.0562341325190349,0.244856427843907,0.9947959575280997,15
alpha_tuning,ridge,14,0.1778279410038923,0.24507756740473496,0.9947930046086739,15
alpha_tuning,ridge,10,0.1,0.24534481307430986,0.9947965889690238,15
alpha_tuning,ridge,14,0.5623413251903491,0.24556488359330253,0.994778582094643,15
alpha_tuning,ridge,10,0.0316227766016837,0.24573012492801916,0.9947824816337146,15
alpha_tuning,ridge,11,0.2371373705661655,0.2458332825102792,0.9947782482239843,15
alpha_tuning,ridge,13,0.5623413251903491,0.24603685732132044,0.9947638634601906,15
alpha_tuning,ridge,11,0.0421696503428582,0.2461004600193267,0.9947650840017075,15
alpha_tuning,ridge,13,0.0749894209332455,0.24695038759551755,0.9947445119348911,15
alpha_tuning,ridge,14,0.1333521432163324,0.24695716816619032,0.9947523569118318,15
alpha_tuning,ridge,10,0.0237137370566165,0.24710714465739886,0.994751562692436,15
alpha_tuning,ridge,10,0.1333521432163324,0.24719126860568855,0.9947580915358798,15
alpha_tuning,ridge,12,0.0421696503428582,0.24731936240817542,0.9947417618801525,15
alpha_tuning,ridge,12,0.5623413251903491,0.2474323704791999,0.9947417481309384,15
alpha_tuning,ridge,15,0.3162277660168379,0.24785602942105445,0.9947297093991818,15
alpha_tuning,ridge,15,0.4216965034285822,0.24804701814639882,0.994724551753066,15
alpha_tuning,ridge,11,0.0316227766016837,0.2480546667795893,0.9947212485834104,15
alpha_tuning,ridge,15,0.2371373705661655,0.24855531390950913,0.9947150406930387,15
alpha_tuning,ridge,14,0.7498942093324559,0.24865786055825556,0.9947102881253032,15
alpha_tuning,ridge,10,0.0177827941003892,0.24876512320516855,0.9947146967165339,15
alpha_tuning,ridge,11,0.3162277660168379,0.2487837767457984,0.9947152151428287,15
alpha_tuning,ridge,15,0.5623413251903491,0.2492827026452202,0.9946963086031028,15
alpha_tuning,ridge,14,0.1,0.24941391689436193,0.9946986161349185,15
alpha_tuning,ridge,13,0.0562341325190349,0.24967348928375524,0.9946842984094387,15
alpha_tuning,ridge,15,0.1778279410038923,0.25004676231488127,0.9946825921657881,15
alpha_tuning,ridge,10,0.1778279410038923,0.2500772122784161,0.9946969922933734,15
alpha_tuning,ridge,12,0.0316227766016837,0.2501039830316547,0.9946802600085687,15
alpha_tuning,ridge,13,0.7498942093324559,0.25016868310858326,0.9946735501377187,15
alpha_tuning,ridge,11,0.0237137370566165,0.25034705199103735,0.9946700833753906,15
alpha_tuning,ridge,10,0.0133352143216332,0.250632015023465,0.9946733741646057,15
alpha_tuning,ridge,15,0.7498942093324559,0.2517899320538034,0.9946401644502443,15
alpha_tuning,ridge,15,0.1333521432163324,0.2522722904740016,0.9946335586079826,15
alpha_tuning,ridge,14,0.0749894209332455,0.25240869322341947,0.9946325486718078,15
alpha_tuning,ridge,16,0.4216965034285822,0.25251936257783314,0.9946354887036758,15
alpha_tuning,ridge,10,0.01,0.2526685284796025,0.994628354873902,15
alpha_tuning,ridge,13,0.0421696503428582,0.2528520929369906,0.9946138683271283,15
alpha_tuning,ridge,11,0.0177827941003892,0.25291575889725315,0.9946129313695677,15
alpha_tuning,ridge,16,0.3162277660168379,0.2530108594448187,0.9946259635719702,15
alpha_tuning,ridge,12,0.7498942093324559,0.25305360287769,0.9946204306305387,15
alpha_tuning,ridge,16,0.5623413251903491,0.2530935425812782,0.9946213795053532,15
alpha_tuning,ridge,11,0.4216965034285822,0.2530945546436957,0.9946228765465382,15
alpha_tuning,ridge,12,0.0237137370566165,0.25319651692198314,0.9946117076327929,15
alpha_tuning,ridge,14,1.0,0.25351679626187146,0.9946038811811381,15
alpha_tuning,ridge,10,0.2371373705661655,0.25415097982901363,0.9946101244714396,15
alpha_tuning,ridge,16,0.2371373705661655,0.25441804546931784,0.9945958714538723,15
alpha_tuning,ridge,10,0.0074989420933245,0.25486446412272806,0.9945797660968823,15
alpha_tuning,ridge,16,0.7498942093324559,0.2549545014801771,0.9945790227767916,15
alpha_tuning,ridge,15,0.1,0.2551992427684572,0.9945686114555035,15
alpha_tuning,ridge,11,0.0133352143216332,0.2557035318365985,0.9945510193999112,15
alpha_tuning,ridge,15,1.0,0.25588292408855734,0.9945494481746181,15
alpha_tuning,ridge,14,0.0562341325190349,0.2559302074817534,0.9945543646363403,15
alpha_tuning,ridge,13,1.0,0.2561774035009623,0.9945428813144813,15
alpha_tuning,ridge,13,0.0316227766016837,0.2564507213719758,0.994534003046887,15
alpha_tuning,ridge,12,0.0177827941003892,0.25659547780561087,0.9945361230663669,15
alpha_tuning,ridge,16,0.1778279410038923,0.2566538457183521,0.994546934633219,15
alpha_tuning,ridge,10,0.0056234132519034,0.25722984103097385,0.9945273112175819,15
alpha_tuning,ridge,9,0.0237137370566165,0.2576808526190066,0.9945334738996829,15
alpha_tuning,ridge,9,0.0177827941003892,0.2577695692853254,0.9945286031054295,15
alpha_tuning,ridge,17,0.4216965034285822,0.2580354394340636,0.9945165922208477,15
alpha_tuning,ridge,9,0.0316227766016837,0.25809727853293946,0.9945274032766117,15
alpha_tuning,ridge,9,0.0133352143216332,0.25830872758801143,0.9945140576126891,15
alpha_tuning,ridge,16,1.0,0.25840317238883276,0.9945020657112451,15
alpha_tuning,ridge,17,0.3162277660168379,0.2585645668485478,0.9945052568107646,15
alpha_tuning,ridge,17,0.5623413251903491,0.2585901510587052,0.9945036403202069,15
alpha_tuning,ridge,11,0.01,0.2586610385327332,0.9944853869745842,15
alpha_tuning,ridge,15,0.0749894209332455,0.2588088917859742,0.9944881566476328,15
alpha_tuning,ridge,11,0.5623413251903491,0.25907415867910766,0.9944948681041257,15
alpha_tuning,ridge,9,0.0421696503428582,0.25908907728417674,0.9945088082785174,15
alpha_tuning,ridge,9,0.01,0.25925412593148345,0.9944908803991929,15
alpha_tuning,ridge,10,0.3162277660168379,0.25961000765934533,0.9944933713278399,15
alpha_tuning,ridge,16,0.1333521432163324,0.2596832316103018,0.9944797935820443,15
alpha_tuning,ridge,10,0.0042169650342858,0.2597835715191302,0.9944705257197498,15
alpha_tuning,ridge,14,0.0421696503428582,0.2599807105241977,0.9944640311961691,15
alpha_tuning,ridge,17,0.2371373705661655,0.26009279544811065,0.9944713405712117,15
alpha_tuning,ridge,12,0.0133352143216332,0.260299529913668,0.9944535476380701,15
alpha_tuning,ridge,17,0.7498942093324559,0.26037848392760554,0.9944632930665475,15
alpha_tuning,ridge,13,0.0237137370566165,0.2604369729038212,0.994445423440128,15
alpha_tuning,ridge,14,1.333521432163324,0.26056490719190395,0.9944504473476459,15
alpha_tuning,ridge,9,0.0074989420933245,0.26056743676756944,0.9944599766373431,15
alpha_tuning,ridge,9,0.0562341325190349,0.26074804976496285,0.9944756750947459,15
alpha_tuning,ridge,12,1.0,0.2608034179005693,0.9944536777850252,15
alpha_tuning,ridge,8,0.0056234132519034,0.2616606382232666,0.9944460449432704,15
alpha_tuning,ridge,11,0.0074989420933245,0.2617511208055886,0.9944167962489092,15
alpha_tuning,ridge,8,0.0074989420933245,0.2618018182894315,0.9944453902869854,15
alpha_tuning,ridge,8,0.0042169650342858,0.26187739069042687,0.9944393827444965,15
alpha_tuning,ridge,15,1.333521432163324,0.26197779099034024,0.9944153592523449,15
alpha_tuning,ridge,9,0.0056234132519034,0.2622114589284635,0.9944222064937459,15
alpha_tuning,ridge,8,0.0031622776601683,0.2623393026327045,0.9944278465478671,15
alpha_tuning,ridge,8,0.01,0.26243358687429064,0.9944344951391847,15
alpha_tuning,ridge,10,0.0031622776601683,0.2625431991300116,0.9944090025014998,15
alpha_tuning,ridge,17,0.1778279410038923,0.26258157283958977,0.9944155793049154,15
alpha_tuning,ridge,8,0.0023713737056616,0.2629540981516812,0.9944133963614807,15
alpha_tuning,ridge,15,0.0562341325190349,0.26308826580067995,0.9943925129272743,15
alpha_tuning,ridge,9,0.0749894209332455,0.26319462234415286,0.9944254204831421,15
alpha_tuning,ridge,16,0.1,0.263508231187362,0.994394351750937,15
alpha_tuning,ridge,17,1.0,0.2636376009195185,0.9943905462850061,15
alpha_tuning,ridge,8,0.0017782794100389,0.26364786224186293,0.9943975706276463,15
alpha_tuning,ridge,8,0.0133352143216332,0.263702200570859,0.9944100885410985,15
alpha_tuning,ridge,16,1.333521432163324,0.26383306856883726,0.994382160573807,15
alpha_tuning,ridge,9,0.0042169650342858,0.2641454814061089,0.9943784805439095,15
alpha_tuning,ridge,12,0.01,0.2642986663775025,0.9943642263854657,15
alpha_tuning,ridge,8,0.0013335214321633,0.26436259184354166,0.9943815539789785,15
alpha_tuning,ridge,13,1.333521432163324,0.2645320386097352,0.9943621414982377,15
alpha_tuning,ridge,14,0.0316227766016837,0.26456198662726294,0.9943615672772751,15
alpha_tuning,ridge,13,0.0177827941003892,0.2647820298640177,0.9943487731053686,15
alpha_tuning,ridge,11,0.0056234132519034,0.2649521070756388,0.9943456645768377,15
alpha_tuning,ridge,8,0.001,0.26505450381958856,0.9943662255752876,15
alpha_tuning,ridge,10,0.0023713737056616,0.265518262253535,0.9943425318273417,15
alpha_tuning,ridge,8,0.0177827941003892,0.2657542370797016,0.9943688501068378,15
alpha_tuning,ridge,17,0.1333521432163324,0.26602351938190666,0.9943380851002763,15
alpha_tuning,ridge,9,0.0031622776601683,0.2663217733146529,0.9943298354902598,15
alpha_tuning,ridge,9,0.1,0.2665854173509397,0.9943547393726094,15
alpha_tuning,ridge,10,0.4216965034285822,0.26673643833171623,0.9943409178673063,15
alpha_tuning,ridge,11,0.7498942093324559,0.267113066250663,0.9943231966840328,15
alpha_tuning,ridge,15,0.0421696503428582,0.2680248771557537,0.9942820185890326,15
alpha_tuning,ridge,16,0.0749894209332455,0.26815018974641425,0.9942901652929581,15
alpha_tuning,ridge,11,0.0042169650342858,0.26825896917998193,0.9942720473189571,15
alpha_tuning,ridge,12,0.0074989420933245,0.26857140653369677,0.9942686553581132,15
degree_screen,ridge,8,1e-08,0.2686487016772331,0.9942879714526062,15
alpha_tuning,ridge,9,0.0023713737056616,0.2686843524595863,0.9942774643887847,15
alpha_tuning,ridge,10,0.0017782794100389,0.26870779313622495,0.9942711482031238,15
alpha_tuning,ridge,17,1.333521432163324,0.26871633657033556,0.9942779849095312,15
alpha_tuning,ridge,8,0.0237137370566165,0.2687188371733889,0.9943078195506102,15
alpha_tuning,ridge,13,0.0133352143216332,0.26946224065073376,0.9942445776941912,15
alpha_tuning,ridge,14,0.0237137370566165,0.269666212940893,0.9942472234378277,15
alpha_tuning,ridge,14,1.7782794100389228,0.2703532808117083,0.9942384406633719,15
alpha_tuning,ridge,17,0.1,0.2704306023256699,0.9942386147611108,15
alpha_tuning,ridge,15,1.7782794100389228,0.2706089119404182,0.9942266590148654,15
alpha_tuning,ridge,9,0.1333521432163324,0.27112122220637197,0.9942594416350672,15
alpha_tuning,ridge,9,0.0017782794100389,0.2711705502246962,0.9942226891731859,15
alpha_tuning,ridge,12,1.333521432163324,0.27123494461699516,0.9942300261022333,15
alpha_tuning,ridge,11,0.0031622776601683,0.2716822023705871,0.9941956737843055,15
alpha_tuning,ridge,16,1.7782794100389228,0.27175035407345377,0.994208573497597,15
alpha_tuning,ridge,10,0.0013335214321633,0.27210063992226474,0.9941951168157518,15
alpha_tuning,ridge,8,0.0316227766016837,0.2726924702674543,0.9942247634994656,15
alpha_tuning,ridge,12,0.0056234132519034,0.2730882822068112,0.9941674962060184,15
alpha_tuning,ridge,15,0.0316227766016837,0.2736043773342078,0.9941570669781402,15
alpha_tuning,ridge,16,0.0562341325190349,0.2736332518246701,0.9941667910069211,15
alpha_tuning,ridge,9,0.0013335214321633,0.27371488028766827,0.9941668846995123,15
alpha_tuning,ridge,13,0.01,0.2744618234919776,0.9941331826115449,15
alpha_tuning,ridge,11,0.0023713737056616,0.27524503307888687,0.9941160207995974,15
alpha_tuning,ridge,14,0.0177827941003892,0.27527501543575095,0.9941214810736096,15
alpha_tuning,ridge,10,0.001,0.27567666088027615,0.9941149044623386,15
alpha_tuning,ridge,17,0.0749894209332455,0.27582470503544715,0.9941167723129712,15
alpha_tuning,ridge,13,1.7782794100389228,0.2758258783007035,0.9941190923375199,15
alpha_tuning,ridge,10,0.5623413251903491,0.2759286616384866,0.9941445773900534,15
alpha_tuning,ridge,17,1.7782794100389228,0.2760992802549526,0.9941152967840703,15
alpha_tuning,ridge,9,0.001,0.27625386646649913,0.9941113814330546,15
alpha_tuning,ridge,9,0.1778279410038923,0.27705606317371917,0.9941342639499119,15
alpha_tuning,ridge,11,1.0,0.2777040804335246,0.9940978064705287,15
alpha_tuning,ridge,8,0.0421696503428582,0.2777353769963587,0.9941182935442189,15
alpha_tuning,ridge,12,0.0042169650342858,0.27781968103022153,0.9940614046630951,15
alpha_tuning,ridge,11,0.0017782794100389,0.2789794988278543,0.9940324068849408,15
alpha_tuning,ridge,13,0.0074989420933245,0.27977631703165823,0.9940146795714434,15
alpha_tuning,ridge,15,0.0237137370566165,0.2798119982998378,0.9940180558290288,15
alpha_tuning,ridge,16,0.0421696503428582,0.2799740260735865,0.9940239887404717,15
alpha_tuning,ridge,14,0.0133352143216332,0.28136708604421956,0.9939848706301543,15
alpha_tuning,ridge,17,0.0562341325190349,0.282230799277445,0.9939721404057399,15
alpha_tuning,ridge,15,2.371373705661655,0.2824493165558799,0.9939692641635008,15
alpha_tuning,ridge,12,0.0031622776601683,0.28274519270641885,0.9939508355113027,15
alpha_tuning,ridge,16,2.371373705661655,0.28280387289044323,0.9939675868066128,15
alpha_tuning,ridge,11,0.0013335214321633,0.2829215001297559,0.9939440994397771,15
alpha_tuning,ridge,14,2.371373705661655,0.2836113931371472,0.9939526121813798,15
alpha_tuning,ridge,8,0.0562341325190349,0.2838862008480746,0.9939875836059664,15
alpha_tuning,ridge,9,0.2371373705661655,0.2847077152603467,0.99397265118769,15
alpha_tuning,ridge,12,1.7782794100389228,0.28508964604089326,0.9939340836650398,15
alpha_tuning,ridge,13,0.0056234132519034,0.28541529509891467,0.9938888525400166,15
alpha_tuning,ridge,17,2.371373705661655,0.28642846204434086,0.9938888526491609,15
alpha_tuning,ridge,15,0.0177827941003892,0.2866384499085818,0.9938652422498725,15
alpha_tuning,ridge,11,0.001,0.2871050942619871,0.9938504276116792,15
alpha_tuning,ridge,16,0.0316227766016837,0.28718109161666017,0.9938617054958672,15
alpha_tuning,ridge,10,0.7498942093324559,0.28772111988342064,0.9938933567844138,15
alpha_tuning,ridge,12,0.0023713737056616,0.2878621673622409,0.9938358711884131,15
alpha_tuning,ridge,14,0.01,0.28793144077678545,0.9938376778393181,15
alpha_tuning,ridge,17,0.0421696503428582,0.2896743258125814,0.9938043096632861,15
alpha_tuning,ridge,13,2.371373705661655,0.29080951456809095,0.993798244681942,15
alpha_tuning,ridge,8,0.0749894209332455,0.29119425885693073,0.9938316893926635,15
alpha_tuning,ridge,13,0.0042169650342858,0.29140263094756474,0.9937551753781318,15
alpha_tuning,ridge,11,1.333521432163324,0.2914638452723615,0.9938061012207364,15
alpha_tuning,ridge,12,0.0017782794100389,0.29319263004212553,0.993716089456338,15
alpha_tuning,ridge,15,0.0133352143216332,0.29408922943213883,0.9936985316555764,15
alpha_tuning,ridge,9,0.3162277660168379,0.29446745805319774,0.9937665558038626,15
alpha_tuning,ridge,14,0.0074989420933245,0.2949815887302813,0.9936796421616302,15
alpha_tuning,ridge,16,0.0237137370566165,0.29526476667530793,0.9936798399100942,15
degree_screen,ridge,9,1e-08,0.2958576661024854,0.9936852503778197,15
alpha_tuning,ridge,13,0.0031622776601683,0.2977744536446678,0.9936128558189132,15
alpha_tuning,ridge,16,3.1622776601683795,0.2978249320957748,0.9936416801163727,15
alpha_tuning,ridge,17,0.0316227766016837,0.2981847993309496,0.9936127708626378,15
alpha_tuning,ridge,15,3.1622776601683795,0.29833494036328195,0.993625731641483,15
alpha_tuning,ridge,12,0.0013335214321633,0.29878907698940976,0.993590456640373,15
alpha_tuning,ridge,8,0.1,0.2997611931995611,0.9936486463518981,15
alpha_tuning,ridge,17,3.1622776601683795,0.3005204946805664,0.9935813811651185,15
alpha_tuning,ridge,14,3.1622776601683795,0.30129940139464445,0.9935728681626413,15
alpha_tuning,ridge,15,0.01,0.30219445128019456,0.993517265183996,15
alpha_tuning,ridge,14,0.0056234132519034,0.30256666113630143,0.9935097316341555,15
alpha_tuning,ridge,10,1.0,0.30278919200603893,0.9935733271964913,15
alpha_tuning,ridge,12,2.371373705661655,0.30332906702810214,0.9935458028873341,15
alpha_tuning,ridge,16,0.0177827941003892,0.3042539028106379,0.9934778642831279,15
alpha_tuning,ridge,13,0.0023713737056616,0.3045779259487667,0.9934608635633775,15
alpha_tuning,ridge,12,0.001,0.3047403799470763,0.993457218728538,15
alpha_tuning,ridge,9,0.4216965034285822,0.3068037592541588,0.9935063687222854,15
alpha_tuning,ridge,17,0.0237137370566165,0.3078061896236806,0.9933966682118428,15
alpha_tuning,ridge,11,1.7782794100389228,0.30915351119612505,0.9934324596477074,15
alpha_tuning,ridge,8,0.1333521432163324,0.3097797181002107,0.9934346175137326,15
alpha_tuning,ridge,13,3.1622776601683795,0.3104267395292227,0.9933800388606269,15
alpha_tuning,ridge,14,0.0042169650342858,0.31077856812188087,0.9933260131114445,15
alpha_tuning,ridge,15,0.0074989420933245,0.31101645896727437,0.9933200646240798,15
alpha_tuning,ridge,13,0.0017782794100389,0.31187524235465003,0.9932978582134128,15
alpha_tuning,ridge,16,0.0133352143216332,0.3142143835664532,0.9932544243206485,15
alpha_tuning,ridge,16,4.216965034285822,0.3178705392640065,0.9932086093273989,15
alpha_tuning,ridge,17,0.0177827941003892,0.3186120062749749,0.9931544658642127,15
alpha_tuning,ridge,15,4.216965034285822,0.3192904100689056,0.9931746795571095,15
alpha_tuning,ridge,17,4.216965034285822,0.3193766737435852,0.993171776147404,15
alpha_tuning,ridge,13,0.0013335214321633,0.3197547192023679,0.9931219830060926,15
alpha_tuning,ridge,14,0.0031622776601683,0.31975767202071326,0.9931255649174321,15
alpha_tuning,ridge,15,0.0056234132519034,0.3206549669797404,0.9931047426335393,15
degree_screen,ridge,7,1e-08,0.3210033154277614,0.9932143529239057,15
alpha_tuning,ridge,8,0.1778279410038923,0.32155802362397806,0.9931833478753641,15
alpha_tuning,ridge,10,1.333521432163324,0.32194428407131787,0.9931676889820485,15
alpha_tuning,ridge,9,0.5623413251903491,0.3222543485724316,0.9931810949289077,15
alpha_tuning,ridge,14,4.216965034285822,0.3246494645335446,0.9930733328261976,15
alpha_tuning,ridge,16,0.01,0.3252646103697734,0.9930070221475835,15
alpha_tuning,ridge,12,3.1622776601683795,0.32715661187326195,0.9930399475071149,15
alpha_tuning,ridge,13,0.001,0.32834554203835736,0.9929305914937726,15
alpha_tuning,ridge,14,0.0023713737056616,0.3297007670735612,0.9929043508673286,15
alpha_tuning,ridge,17,0.0133352143216332,0.33072115039852057,0.9928836159747584,15
alpha_tuning,ridge,15,0.0042169650342858,0.3312518954624462,0.9928682364424575,15
alpha_tuning,ridge,11,2.371373705661655,0.33170323732384965,0.9929576444365492,15
alpha_tuning,ridge,8,0.2371373705661655,0.3355223424107506,0.9928860940798436,15
alpha_tuning,ridge,13,4.216965034285822,0.33585550872998676,0.9928398943413087,15
degree_screen,ridge,10,1e-08,0.3360363395078138,0.9927892187454791,15
alpha_tuning,ridge,16,0.0074989420933245,0.3375859346965015,0.992731830080055,15
alpha_tuning,ridge,14,0.0017782794100389,0.3408725818595664,0.9926570253886045,15
alpha_tuning,ridge,9,0.7498942093324559,0.34140685451144664,0.9927787596888745,15
alpha_tuning,ridge,15,0.0031622776601683,0.34299758613003023,0.9926065282754555,15
alpha_tuning,ridge,17,5.623413251903491,0.34418458675167035,0.9926350596933647,15
alpha_tuning,ridge,16,5.623413251903491,0.34425896656684446,0.9926406175462316,15
alpha_tuning,ridge,17,0.01,0.34431073129565687,0.9925803120427499,15
alpha_tuning,ridge,10,1.7782794100389228,0.34613606079946446,0.992656670789546,15
alpha_tuning,ridge,15,5.623413251903491,0.34655768408610854,0.9925901216994752,15
alpha_tuning,ridge,16,0.0056234132519034,0.3514288225502629,0.9924236200094655,15
alpha_tuning,ridge,8,0.3162277660168379,0.3521961445384634,0.9925320637592028,15
alpha_tuning,ridge,14,0.0013335214321633,0.35361613086835947,0.9923767575367436,15
alpha_tuning,ridge,14,5.623413251903491,0.35519336095948295,0.992421689191355,15
alpha_tuning,ridge,15,0.0023713737056616,0.35613672841974314,0.9923145740567041,15
alpha_tuning,ridge,12,4.216965034285822,0.35804455789376904,0.9923854442528258,15
alpha_tuning,ridge,17,0.0074989420933245,0.359623572132228,0.992239376696409,15
alpha_tuning,ridge,11,3.1622776601683795,0.3602569582208428,0.9923577651051632,15
alpha_tuning,ridge,9,1.0,0.3648796734414662,0.992286785843048,15
alpha_tuning,ridge,16,0.0042169650342858,0.3671165795207992,0.9920757639168687,15
alpha_tuning,ridge,14,0.001,0.36835169688276376,0.9920552723827055,15
alpha_tuning,ridge,13,5.623413251903491,0.3685696110726122,0.9921468127090645,15
alpha_tuning,ridge,15,0.0017782794100389,0.37096943736164645,0.9919863101843406,15
alpha_tuning,ridge,8,0.4216965034285822,0.37216348448146663,0.992109199537919,15
alpha_tuning,ridge,17,7.498942093324558,0.3763174764801816,0.9919423724086052,15
alpha_tuning,ridge,10,2.371373705661655,0.3764876761515869,0.9920167174957764,15
alpha_tuning,ridge,17,0.0056234132519034,0.37696969467800673,0.9918542917776901,15
alpha_tuning,ridge,16,7.498942093324558,0.3785926377001319,0.9919038959144832,15
alpha_tuning,ridge,15,7.498942093324558,0.3816423466666625,0.9918404151624586,15
alpha_tuning,ridge,16,0.0031622776601683,0.3850470226907852,0.9916802794988098,15
alpha_tuning,ridge,15,0.0013335214321633,0.3878441866138291,0.9916147790976357,15
alpha_tuning,ridge,9,1.333521432163324,0.3933273048739705,0.9916918229303886,15
alpha_tuning,ridge,14,7.498942093324558,0.3947946937552477,0.9915784299675662,15
alpha_tuning,ridge,8,0.5623413251903491,0.39603580341495503,0.9916048882255928,15
alpha_tuning,ridge,11,4.216965034285822,0.396262750437381,0.9916022748897001,15
alpha_tuning,ridge,17,0.0042169650342858,0.39672244227949316,0.9914173359914276,15
alpha_tuning,ridge,12,5.623413251903491,0.39779237845248466,0.991544082252803,15
alpha_tuning,ridge,16,0.0023713737056616,0.40568973176604484,0.9912279408822087,15
alpha_tuning,ridge,15,0.001,0.40714495938698303,0.9911923082401554,15
alpha_tuning,ridge,13,7.498942093324558,0.4104477982723033,0.9912609870531004,15
alpha_tuning,ridge,10,3.1622776601683795,0.4143848652872733,0.9912185333753348,15
alpha_tuning,ridge,17,10.0,0.4173554915077354,0.9910604879532146,15
alpha_tuning,ridge,17,0.0031622776601683,0.41931198069856773,0.9909197416007215,15
alpha_tuning,ridge,16,10.0,0.42278416113139833,0.9909579773806669,15
alpha_tuning,ridge,8,0.7498942093324559,0.42445010182609955,0.991005991094225,15
alpha_tuning,ridge,15,10.0,0.42640826060889764,0.9908861856146062,15
alpha_tuning,ridge,9,1.7782794100389228,0.4275001368777906,0.9909783989098258,15
alpha_tuning,ridge,16,0.0017782794100389,0.4295751709039878,0.9907084978709444,15
alpha_tuning,ridge,11,5.623413251903491,0.44162887694615854,0.9906505987459605,15
alpha_tuning,ridge,17,0.0023713737056616,0.4452216707653753,0.9903517275557322,15
alpha_tuning,ridge,14,10.0,0.44571773291929095,0.9904953575836297,15
alpha_tuning,ridge,12,7.498942093324558,0.4486339350634843,0.9904682062518246,15
alpha_tuning,ridge,16,0.0013335214321633,0.4572746928553755,0.9901109987856452,15
alpha_tuning,ridge,8,1.0,0.4581226645032113,0.9902976720664928,15
alpha_tuning,ridge,10,4.216965034285822,0.4616166407301549,0.9902240437369589,15
alpha_tuning,ridge,13,10.0,0.46394850306686103,0.9901300568560121,15
alpha_tuning,ridge,9,2.371373705661655,0.4683810448453076,0.9901259368565495,15
alpha_tuning,ridge,17,0.0017782794100389,0.47499397498669027,0.989702260356383,15
alpha_tuning,ridge,16,0.001,0.489377172212869,0.9894240933867012,15
alpha_tuning,ridge,8,1.333521432163324,0.4979623602978072,0.9894609357832206,15
alpha_tuning,ridge,11,7.498942093324558,0.49893950987355246,0.9894475467956593,15
alpha_tuning,ridge,17,0.0013335214321633,0.5092498862301632,0.9889584736100658,15
alpha_tuning,ridge,12,10.0,0.5133805907988348,0.9890977016108344,15
alpha_tuning,ridge,9,3.1622776601683795,0.5173992777951661,0.9891041481598183,15
alpha_tuning,ridge,10,5.623413251903491,0.5205355091808369,0.9889829791205692,15
alpha_tuning,ridge,8,1.7782794100389228,0.5452190456081557,0.9884694049022931,15
alpha_tuning,ridge,17,0.001,0.5487204588351875,0.9881048078347734,15
degree_screen,ridge,11,1e-08,0.5666541722061201,0.9877493000609585,15
alpha_tuning,ridge,11,10.0,0.5716842793365522,0.9879185214538481,15
alpha_tuning,ridge,9,4.216965034285822,0.5766915983530005,0.9878674650794376,15
alpha_tuning,ridge,10,7.498942093324558,0.5941873946405537,0.9874301736077659,15
degree_screen,ridge,6,1e-08,0.5996596033858921,0.9872396488836777,15
alpha_tuning,ridge,8,2.371373705661655,0.6016236368894692,0.987286282607939,15
alpha_tuning,ridge,9,5.623413251903491,0.6493520903836796,0.9863497899705677,15
alpha_tuning,ridge,8,3.1622776601683795,0.6694806118563271,0.9858623682231258,15
alpha_tuning,ridge,10,10.0,0.6863653231462156,0.9854845968959103,15
alpha_tuning,ridge,9,7.498942093324558,0.7395984668315376,0.984461135377794,15
alpha_tuning,ridge,8,4.216965034285822,0.7516953798823418,0.9841355383334233,15
alpha_tuning,ridge,8,5.623413251903491,0.8517377392164854,0.9820317026800395,15
alpha_tuning,ridge,9,10.0,0.8527953380768364,0.9820874529422476,15
alpha_tuning,ridge,8,7.498942093324558,0.9735520504556479,0.9794670246249807,15
alpha_tuning,ridge,8,10.0,1.1214496730862107,0.9763506253012239,15
degree_screen,ridge,5,1e-08,1.5188733751188097,0.9679252872272589,15
degree_screen,ridge,12,1e-08,2.3124119219242902,0.9527269126036035,15
degree_screen,ridge,4,1e-08,3.5536875709039975,0.9244536545034571,15
degree_screen,ridge,3,1e-08,10.566427328402312,0.7780967222252025,15
degree_screen,ridge,13,1e-08,11.450476272196786,0.75160187141977,15
degree_screen,ridge,2,1e-08,22.117035274871196,0.5303806470437835,15
degree_screen,ridge,1,1e-08,35.285624156415636,0.2566584170286425,15
degree_screen,ridge,14,1e-08,40.49920388271771,0.13485732999421002,15
degree_screen,ridge,15,1e-08,64.20380113589356,-0.43553632236609474,15
degree_screen,ridge,16,1e-08,172.97346067510628,-2.7942969632242454,15
degree_screen,ridge,17,1e-08,282.9916099782669,-5.203188422090633,15
degree_screen,ridge,18,1e-08,596.472210048632,-12.128745114595855,15
degree_screen,ridge,19,1e-08,996.2223419449281,-20.60036182006501,15
degree_screen,ridge,20,1e-08,1636.0771573550965,-35.15530350391815,15
